date,store_id,actual_sales,final_forecast,feature_set,selected_model,error,absolute_error,absolute_percentage_error
2016-03-28,CA_1,3905.0,4009.9633029064275,snap_only,"SARIMAX (1, 1, 1)(1, 1, 1, 7) - CA_1",-104.96330290642754,104.96330290642754,2.687920689025033
2016-03-29,CA_1,3788.0,3688.6840975283453,snap_only,"SARIMAX (1, 1, 1)(1, 1, 1, 7) - CA_1",99.31590247165468,99.31590247165468,2.621855925862056
2016-03-30,CA_1,3339.0,3672.906311645779,snap_only,"SARIMAX (1, 1, 1)(1, 1, 1, 7) - CA_1",-333.90631164577917,333.90631164577917,10.000189028025732
2016-03-31,CA_1,4076.0,3679.123052073661,snap_only,"SARIMAX (1, 1, 1)(1, 1, 1, 7) - CA_1",396.8769479263392,396.8769479263392,9.736922176799293
2016-04-01,CA_1,4983.0,4609.639694179184,snap_only,"SARIMAX (1, 1, 1)(1, 1, 1, 7) - CA_1",373.3603058208164,373.3603058208164,7.492681232607193
2016-04-02,CA_1,5877.0,5898.909130549363,snap_only,"SARIMAX (1, 1, 1)(1, 1, 1, 7) - CA_1",-21.909130549363,21.909130549363,0.37279446229986385
2016-04-03,CA_1,6496.0,5816.0343831558275,snap_only,"SARIMAX (1, 1, 1)(1, 1, 1, 7) - CA_1",679.9656168441725,679.9656168441725,10.467450998216941
2016-04-04,CA_1,4812.0,4540.621509831075,snap_only,"SARIMAX (1, 1, 1)(1, 1, 1, 7) - CA_1",271.37849016892505,271.37849016892505,5.639619496444827
2016-04-05,CA_1,4063.0,4065.958003692919,snap_only,"SARIMAX (1, 1, 1)(1, 1, 1, 7) - CA_1",-2.958003692919192,2.958003692919192,0.07280343817177434
2016-04-06,CA_1,3964.0,4011.171199992691,snap_only,"SARIMAX (1, 1, 1)(1, 1, 1, 7) - CA_1",-47.17119999269107,47.17119999269107,1.1899899089982613
2016-04-07,CA_1,3655.0,3984.6471593870438,snap_only,"SARIMAX (1, 1, 1)(1, 1, 1, 7) - CA_1",-329.64715938704376,329.64715938704376,9.019074128236491
2016-04-08,CA_1,4719.0,4533.506220845845,snap_only,"SARIMAX (1, 1, 1)(1, 1, 1, 7) - CA_1",185.49377915415516,185.49377915415516,3.9307857417706114
2016-04-09,CA_1,6112.0,5829.213306121635,snap_only,"SARIMAX (1, 1, 1)(1, 1, 1, 7) - CA_1",282.78669387836544,282.78669387836544,4.626745645915665
2016-04-10,CA_1,5969.0,5921.0927880409445,snap_only,"SARIMAX (1, 1, 1)(1, 1, 1, 7) - CA_1",47.90721195905553,47.90721195905553,0.8026003008720981
2016-04-11,CA_1,4484.0,4231.04756153127,snap_only,"SARIMAX (1, 1, 1)(1, 1, 1, 7) - CA_1",252.95243846873018,252.95243846873018,5.6412229810153915
2016-04-12,CA_1,3579.0,3737.046136957002,snap_only,"SARIMAX (1, 1, 1)(1, 1, 1, 7) - CA_1",-158.0461369570021,158.0461369570021,4.415930063062366
2016-04-13,CA_1,3478.0,3677.341420161571,snap_only,"SARIMAX (1, 1, 1)(1, 1, 1, 7) - CA_1",-199.34142016157102,199.34142016157102,5.731495691822054
2016-04-14,CA_1,3637.0,3646.690296006071,snap_only,"SARIMAX (1, 1, 1)(1, 1, 1, 7) - CA_1",-9.690296006071094,9.690296006071094,0.2664365137770441
2016-04-15,CA_1,3982.0,4189.910339578046,snap_only,"SARIMAX (1, 1, 1)(1, 1, 1, 7) - CA_1",-207.91033957804575,207.91033957804575,5.221254133049868
2016-04-16,CA_1,5437.0,5486.428860746117,snap_only,"SARIMAX (1, 1, 1)(1, 1, 1, 7) - CA_1",-49.4288607461167,49.4288607461167,0.9091201167209252
2016-04-17,CA_1,5954.0,5600.33557713299,snap_only,"SARIMAX (1, 1, 1)(1, 1, 1, 7) - CA_1",353.6644228670102,353.6644228670102,5.939946638680051
2016-04-18,CA_1,4345.0,4237.415510771312,snap_only,"SARIMAX (1, 1, 1)(1, 1, 1, 7) - CA_1",107.58448922868774,107.58448922868774,2.476052686506047
2016-04-19,CA_1,3793.0,3740.976600552812,snap_only,"SARIMAX (1, 1, 1)(1, 1, 1, 7) - CA_1",52.023399447187785,52.023399447187785,1.3715633917001788
2016-04-20,CA_1,3722.0,3680.651995813514,snap_only,"SARIMAX (1, 1, 1)(1, 1, 1, 7) - CA_1",41.34800418648592,41.34800418648592,1.1109082263967203
2016-04-21,CA_1,3709.0,3649.4806653806163,snap_only,"SARIMAX (1, 1, 1)(1, 1, 1, 7) - CA_1",59.5193346193837,59.5193346193837,1.6047272747205095
2016-04-22,CA_1,4387.0,4191.989927975417,snap_only,"SARIMAX (1, 1, 1)(1, 1, 1, 7) - CA_1",195.01007202458277,195.01007202458277,4.445180579543715
2016-04-23,CA_1,5577.0,5488.610728158319,snap_only,"SARIMAX (1, 1, 1)(1, 1, 1, 7) - CA_1",88.38927184168097,88.38927184168097,1.5848892207581309
2016-04-24,CA_1,6113.0,5605.293910151069,snap_only,"SARIMAX (1, 1, 1)(1, 1, 1, 7) - CA_1",507.7060898489308,507.7060898489308,8.305350725485535
2016-03-28,CA_2,3645.0,3886.3188693248203,snap_weekday_month_event,"Calendar SARIMAX (0, 1, 1)(1, 1, 1, 7) - CA_2",-241.3188693248203,241.3188693248203,6.620545111792052
2016-03-29,CA_2,3795.0,3712.371229702416,snap_weekday_month_event,"Calendar SARIMAX (0, 1, 1)(1, 1, 1, 7) - CA_2",82.6287702975842,82.6287702975842,2.177306200199847
2016-03-30,CA_2,3489.0,3656.095154307938,snap_weekday_month_event,"Calendar SARIMAX (0, 1, 1)(1, 1, 1, 7) - CA_2",-167.09515430793817,167.09515430793817,4.789199034334714
2016-03-31,CA_2,3581.0,3719.5893690730345,snap_weekday_month_event,"Calendar SARIMAX (0, 1, 1)(1, 1, 1, 7) - CA_2",-138.5893690730345,138.5893690730345,3.8701303846142
2016-04-01,CA_2,4787.0,4387.315583613025,snap_weekday_month_event,"Calendar SARIMAX (0, 1, 1)(1, 1, 1, 7) - CA_2",399.6844163869746,399.6844163869746,8.349371556026208
2016-04-02,CA_2,6048.0,5936.038748115806,snap_weekday_month_event,"Calendar SARIMAX (0, 1, 1)(1, 1, 1, 7) - CA_2",111.9612518841941,111.9612518841941,1.8512111753338973
2016-04-03,CA_2,6542.0,5778.5144884475985,snap_weekday_month_event,"Calendar SARIMAX (0, 1, 1)(1, 1, 1, 7) - CA_2",763.4855115524015,763.4855115524015,11.670521423913199
2016-04-04,CA_2,3971.0,4006.600375991433,snap_weekday_month_event,"Calendar SARIMAX (0, 1, 1)(1, 1, 1, 7) - CA_2",-35.600375991432884,35.600375991432884,0.8965090906933488
2016-04-05,CA_2,3480.0,3802.433304762263,snap_weekday_month_event,"Calendar SARIMAX (0, 1, 1)(1, 1, 1, 7) - CA_2",-322.4333047622631,322.4333047622631,9.26532484949032
2016-04-06,CA_2,3731.0,3771.1155953955686,snap_weekday_month_event,"Calendar SARIMAX (0, 1, 1)(1, 1, 1, 7) - CA_2",-40.11559539556856,40.11559539556856,1.075196874713711
2016-04-07,CA_2,3760.0,3837.3094252861683,snap_weekday_month_event,"Calendar SARIMAX (0, 1, 1)(1, 1, 1, 7) - CA_2",-77.30942528616833,77.30942528616833,2.056101736334264
2016-04-08,CA_2,4447.0,4368.341669773465,snap_weekday_month_event,"Calendar SARIMAX (0, 1, 1)(1, 1, 1, 7) - CA_2",78.65833022653533,78.65833022653533,1.7687953727577093
2016-04-09,CA_2,6353.0,5909.1787321535585,snap_weekday_month_event,"Calendar SARIMAX (0, 1, 1)(1, 1, 1, 7) - CA_2",443.8212678464415,443.8212678464415,6.9860108271122545
2016-04-10,CA_2,6297.0,5746.772882651796,snap_weekday_month_event,"Calendar SARIMAX (0, 1, 1)(1, 1, 1, 7) - CA_2",550.227117348204,550.227117348204,8.737924683947975
2016-04-11,CA_2,3891.0,3910.853189675137,snap_weekday_month_event,"Calendar SARIMAX (0, 1, 1)(1, 1, 1, 7) - CA_2",-19.853189675136946,19.853189675136946,0.5102336076879195
2016-04-12,CA_2,3798.0,3703.858371979996,snap_weekday_month_event,"Calendar SARIMAX (0, 1, 1)(1, 1, 1, 7) - CA_2",94.14162802000419,94.14162802000419,2.4787158509743072
2016-04-13,CA_2,3545.0,3674.8761112825496,snap_weekday_month_event,"Calendar SARIMAX (0, 1, 1)(1, 1, 1, 7) - CA_2",-129.87611128254957,129.87611128254957,3.6636420672087326
2016-04-14,CA_2,3441.0,3741.3225543668705,snap_weekday_month_event,"Calendar SARIMAX (0, 1, 1)(1, 1, 1, 7) - CA_2",-300.32255436687046,300.32255436687046,8.727769670644303
2016-04-15,CA_2,4440.0,4265.082011438074,snap_weekday_month_event,"Calendar SARIMAX (0, 1, 1)(1, 1, 1, 7) - CA_2",174.917988561926,174.917988561926,3.939594336980315
2016-04-16,CA_2,5352.0,5805.181141427583,snap_weekday_month_event,"Calendar SARIMAX (0, 1, 1)(1, 1, 1, 7) - CA_2",-453.1811414275826,453.1811414275826,8.467510116359914
2016-04-17,CA_2,5760.0,5642.318503109281,snap_weekday_month_event,"Calendar SARIMAX (0, 1, 1)(1, 1, 1, 7) - CA_2",117.68149689071925,117.68149689071925,2.0430815432416534
2016-04-18,CA_2,3830.0,3938.495798454746,snap_weekday_month_event,"Calendar SARIMAX (0, 1, 1)(1, 1, 1, 7) - CA_2",-108.49579845474591,108.49579845474591,2.8327884714032874
2016-04-19,CA_2,3631.0,3731.23637783193,snap_weekday_month_event,"Calendar SARIMAX (0, 1, 1)(1, 1, 1, 7) - CA_2",-100.23637783192999,100.23637783192999,2.76057223442385
2016-04-20,CA_2,3691.0,3702.4726538960904,snap_weekday_month_event,"Calendar SARIMAX (0, 1, 1)(1, 1, 1, 7) - CA_2",-11.472653896090378,11.472653896090378,0.310827794529677
2016-04-21,CA_2,3303.0,3768.942734952002,snap_weekday_month_event,"Calendar SARIMAX (0, 1, 1)(1, 1, 1, 7) - CA_2",-465.94273495200196,465.94273495200196,14.106652587102694
2016-04-22,CA_2,4457.0,4292.021649808474,snap_weekday_month_event,"Calendar SARIMAX (0, 1, 1)(1, 1, 1, 7) - CA_2",164.97835019152626,164.97835019152626,3.7015559836555143
2016-04-23,CA_2,5884.0,5832.051728674296,snap_weekday_month_event,"Calendar SARIMAX (0, 1, 1)(1, 1, 1, 7) - CA_2",51.9482713257039,51.9482713257039,0.8828734079827311
2016-04-24,CA_2,6082.0,5669.14634689945,snap_weekday_month_event,"Calendar SARIMAX (0, 1, 1)(1, 1, 1, 7) - CA_2",412.8536531005502,412.8536531005502,6.788123201258636
2016-03-28,CA_3,5487.0,6383.126587009193,snap_only,"SARIMAX (1, 1, 1)(1, 1, 1, 7) - CA_3",-896.1265870091929,896.1265870091929,16.331813140316985
2016-03-29,CA_3,5493.0,5849.3165104936015,snap_only,"SARIMAX (1, 1, 1)(1, 1, 1, 7) - CA_3",-356.3165104936015,356.3165104936015,6.486737857156409
2016-03-30,CA_3,5202.0,5691.299643078914,snap_only,"SARIMAX (1, 1, 1)(1, 1, 1, 7) - CA_3",-489.2996430789144,489.2996430789144,9.405990831966829
2016-03-31,CA_3,5474.0,5598.463286423782,snap_only,"SARIMAX (1, 1, 1)(1, 1, 1, 7) - CA_3",-124.46328642378194,124.46328642378194,2.273717325973364
2016-04-01,CA_3,6571.0,6445.103240711108,snap_only,"SARIMAX (1, 1, 1)(1, 1, 1, 7) - CA_3",125.8967592888921,125.8967592888921,1.9159452029963795
2016-04-02,CA_3,7206.0,7962.869798127432,snap_only,"SARIMAX (1, 1, 1)(1, 1, 1, 7) - CA_3",-756.8697981274317,756.8697981274317,10.503327756417317
2016-04-03,CA_3,8399.0,8289.1283573089,snap_only,"SARIMAX (1, 1, 1)(1, 1, 1, 7) - CA_3",109.87164269109962,109.87164269109962,1.3081514786415005
2016-04-04,CA_3,6622.0,6947.176178145557,snap_only,"SARIMAX (1, 1, 1)(1, 1, 1, 7) - CA_3",-325.17617814555706,325.17617814555706,4.9105433123762765
2016-04-05,CA_3,6221.0,6393.887689463974,snap_only,"SARIMAX (1, 1, 1)(1, 1, 1, 7) - CA_3",-172.8876894639743,172.8876894639743,2.779098046358693
2016-04-06,CA_3,5685.0,6222.336425574683,snap_only,"SARIMAX (1, 1, 1)(1, 1, 1, 7) - CA_3",-537.3364255746828,537.3364255746828,9.451828066397235
2016-04-07,CA_3,5635.0,6142.30222598201,snap_only,"SARIMAX (1, 1, 1)(1, 1, 1, 7) - CA_3",-507.30222598201,507.30222598201,9.002701437125287
2016-04-08,CA_3,6191.0,6412.289446270743,snap_only,"SARIMAX (1, 1, 1)(1, 1, 1, 7) - CA_3",-221.2894462707427,221.2894462707427,3.5743732235623114
2016-04-09,CA_3,7782.0,7922.089551977171,snap_only,"SARIMAX (1, 1, 1)(1, 1, 1, 7) - CA_3",-140.08955197717114,140.08955197717114,1.8001741451705362
2016-04-10,CA_3,8602.0,8307.866092585142,snap_only,"SARIMAX (1, 1, 1)(1, 1, 1, 7) - CA_3",294.1339074148582,294.1339074148582,3.4193665126116968
2016-04-11,CA_3,6580.0,6440.443920455313,snap_only,"SARIMAX (1, 1, 1)(1, 1, 1, 7) - CA_3",139.55607954468724,139.55607954468724,2.1209130629891675
2016-04-12,CA_3,5641.0,5885.38306978657,snap_only,"SARIMAX (1, 1, 1)(1, 1, 1, 7) - CA_3",-244.38306978656965,244.38306978656965,4.3322650201483714
2016-04-13,CA_3,5377.0,5712.600411629138,snap_only,"SARIMAX (1, 1, 1)(1, 1, 1, 7) - CA_3",-335.60041162913785,335.60041162913785,6.241406204744985
2016-04-14,CA_3,5493.0,5633.730932891644,snap_only,"SARIMAX (1, 1, 1)(1, 1, 1, 7) - CA_3",-140.73093289164444,140.73093289164444,2.562004967989158
2016-04-15,CA_3,5337.0,5898.440037286357,snap_only,"SARIMAX (1, 1, 1)(1, 1, 1, 7) - CA_3",-561.4400372863574,561.4400372863574,10.51976835837282
2016-04-16,CA_3,6936.0,7407.5153612973345,snap_only,"SARIMAX (1, 1, 1)(1, 1, 1, 7) - CA_3",-471.5153612973345,471.5153612973345,6.79808767729721
2016-04-17,CA_3,8271.0,7798.706799710993,snap_only,"SARIMAX (1, 1, 1)(1, 1, 1, 7) - CA_3",472.29320028900656,472.29320028900656,5.710230930830693
2016-04-18,CA_3,6068.0,6449.301292609885,snap_only,"SARIMAX (1, 1, 1)(1, 1, 1, 7) - CA_3",-381.3012926098854,381.3012926098854,6.283805085858363
2016-04-19,CA_3,5683.0,5894.079193876416,snap_only,"SARIMAX (1, 1, 1)(1, 1, 1, 7) - CA_3",-211.07919387641596,211.07919387641596,3.714221254204046
2016-04-20,CA_3,5235.0,5721.184504462566,snap_only,"SARIMAX (1, 1, 1)(1, 1, 1, 7) - CA_3",-486.1845044625661,486.1845044625661,9.28719206232218
2016-04-21,CA_3,5018.0,5642.420991087588,snap_only,"SARIMAX (1, 1, 1)(1, 1, 1, 7) - CA_3",-624.4209910875879,624.4209910875879,12.443622779744679
2016-04-22,CA_3,5623.0,5906.649896761547,snap_only,"SARIMAX (1, 1, 1)(1, 1, 1, 7) - CA_3",-283.6498967615471,283.6498967615471,5.0444584165311595
2016-04-23,CA_3,7419.0,7415.659280719297,snap_only,"SARIMAX (1, 1, 1)(1, 1, 1, 7) - CA_3",3.340719280702615,3.340719280702615,0.04502923952962144
2016-04-24,CA_3,7721.0,7807.3433621615295,snap_only,"SARIMAX (1, 1, 1)(1, 1, 1, 7) - CA_3",-86.34336216152951,86.34336216152951,1.1182924771600766
2016-03-28,CA_4,2445.0,2664.2019056848685,snap_only,"SARIMAX (0, 1, 1)(0, 1, 1, 7) - CA_4",-219.2019056848685,219.2019056848685,8.965313115945541
2016-03-29,CA_4,2243.0,2466.4741642143867,snap_only,"SARIMAX (0, 1, 1)(0, 1, 1, 7) - CA_4",-223.47416421438675,223.47416421438675,9.963181641301237
2016-03-30,CA_4,2322.0,2408.4775093459043,snap_only,"SARIMAX (0, 1, 1)(0, 1, 1, 7) - CA_4",-86.47750934590431,86.47750934590431,3.7242682750174123
2016-03-31,CA_4,2470.0,2412.3774143075607,snap_only,"SARIMAX (0, 1, 1)(0, 1, 1, 7) - CA_4",57.622585692439316,57.622585692439316,2.332898206171632
2016-04-01,CA_4,2581.0,2592.3184130218087,snap_only,"SARIMAX (0, 1, 1)(0, 1, 1, 7) - CA_4",-11.318413021808738,11.318413021808738,0.43852820696663064
2016-04-02,CA_4,3040.0,2989.1072563683865,snap_only,"SARIMAX (0, 1, 1)(0, 1, 1, 7) - CA_4",50.892743631613484,50.892743631613484,1.6741034089346543
2016-04-03,CA_4,3140.0,3052.9087377301767,snap_only,"SARIMAX (0, 1, 1)(0, 1, 1, 7) - CA_4",87.09126226982335,87.09126226982335,2.7736070786567946
2016-04-04,CA_4,2788.0,2772.5923664934953,snap_only,"SARIMAX (0, 1, 1)(0, 1, 1, 7) - CA_4",15.40763350650468,15.40763350650468,0.5526410870338838
2016-04-05,CA_4,2632.0,2574.864625023014,snap_only,"SARIMAX (0, 1, 1)(0, 1, 1, 7) - CA_4",57.135374976985986,57.135374976985986,2.1707969216180083
2016-04-06,CA_4,2427.0,2516.8679701545316,snap_only,"SARIMAX (0, 1, 1)(0, 1, 1, 7) - CA_4",-89.86797015453158,89.86797015453158,3.702841786342463
2016-04-07,CA_4,2409.0,2520.7678751161875,snap_only,"SARIMAX (0, 1, 1)(0, 1, 1, 7) - CA_4",-111.7678751161875,111.7678751161875,4.639596310344022
2016-04-08,CA_4,2357.0,2597.9664698538045,snap_only,"SARIMAX (0, 1, 1)(0, 1, 1, 7) - CA_4",-240.96646985380448,240.96646985380448,10.2234395355878
2016-04-09,CA_4,3064.0,2994.7553132003823,snap_only,"SARIMAX (0, 1, 1)(0, 1, 1, 7) - CA_4",69.24468679961774,69.24468679961774,2.259944086149404
2016-04-10,CA_4,3195.0,3058.5567945621724,snap_only,"SARIMAX (0, 1, 1)(0, 1, 1, 7) - CA_4",136.4432054378276,136.4432054378276,4.270522861903838
2016-04-11,CA_4,2535.0,2675.4980193488595,snap_only,"SARIMAX (0, 1, 1)(0, 1, 1, 7) - CA_4",-140.49801934885954,140.49801934885954,5.54232817944219
2016-04-12,CA_4,2174.0,2477.770277878378,snap_only,"SARIMAX (0, 1, 1)(0, 1, 1, 7) - CA_4",-303.7702778783778,303.7702778783778,13.97287386745068
2016-04-13,CA_4,2214.0,2419.7736230098953,snap_only,"SARIMAX (0, 1, 1)(0, 1, 1, 7) - CA_4",-205.77362300989535,205.77362300989535,9.294201581296086
2016-04-14,CA_4,2498.0,2423.6735279715513,snap_only,"SARIMAX (0, 1, 1)(0, 1, 1, 7) - CA_4",74.32647202844873,74.32647202844873,2.9754392325239687
2016-04-15,CA_4,2496.0,2500.8721227091683,snap_only,"SARIMAX (0, 1, 1)(0, 1, 1, 7) - CA_4",-4.872122709168252,4.872122709168252,0.1951972239250101
2016-04-16,CA_4,2839.0,2897.660966055746,snap_only,"SARIMAX (0, 1, 1)(0, 1, 1, 7) - CA_4",-58.66096605574603,58.66096605574603,2.0662545282052145
2016-04-17,CA_4,3047.0,2961.462447417536,snap_only,"SARIMAX (0, 1, 1)(0, 1, 1, 7) - CA_4",85.53755258246383,85.53755258246383,2.807271171068718
2016-04-18,CA_4,2809.0,2681.1460761808553,snap_only,"SARIMAX (0, 1, 1)(0, 1, 1, 7) - CA_4",127.85392381914471,127.85392381914471,4.551581481635625
2016-04-19,CA_4,2677.0,2483.4183347103735,snap_only,"SARIMAX (0, 1, 1)(0, 1, 1, 7) - CA_4",193.58166528962647,193.58166528962647,7.231291194980444
2016-04-20,CA_4,2500.0,2425.421679841891,snap_only,"SARIMAX (0, 1, 1)(0, 1, 1, 7) - CA_4",74.57832015810891,74.57832015810891,2.9831328063243565
2016-04-21,CA_4,2458.0,2429.321584803547,snap_only,"SARIMAX (0, 1, 1)(0, 1, 1, 7) - CA_4",28.67841519645299,28.67841519645299,1.1667378029476398
2016-04-22,CA_4,2628.0,2506.520179541164,snap_only,"SARIMAX (0, 1, 1)(0, 1, 1, 7) - CA_4",121.479820458836,121.479820458836,4.622519804369711
2016-04-23,CA_4,2954.0,2903.309022887742,snap_only,"SARIMAX (0, 1, 1)(0, 1, 1, 7) - CA_4",50.690977112258224,50.690977112258224,1.716011412060197
2016-04-24,CA_4,3271.0,2967.110504249532,snap_only,"SARIMAX (0, 1, 1)(0, 1, 1, 7) - CA_4",303.8894957504681,303.8894957504681,9.290415645076983
2016-03-28,TX_1,3026.0,3290.336486921571,snap_weekday_month_event,"Calendar SARIMAX (1, 1, 1)(1, 1, 1, 7) - TX_1",-264.3364869215711,264.3364869215711,8.735508490468312
2016-03-29,TX_1,2499.0,3020.1407498392723,snap_weekday_month_event,"Calendar SARIMAX (1, 1, 1)(1, 1, 1, 7) - TX_1",-521.1407498392723,521.1407498392723,20.853971582203773
2016-03-30,TX_1,2801.0,3005.8499275783315,snap_weekday_month_event,"Calendar SARIMAX (1, 1, 1)(1, 1, 1, 7) - TX_1",-204.84992757833152,204.84992757833152,7.313456893192842
2016-03-31,TX_1,2631.0,3002.334757538639,snap_weekday_month_event,"Calendar SARIMAX (1, 1, 1)(1, 1, 1, 7) - TX_1",-371.3347575386392,371.3347575386392,14.113825828150484
2016-04-01,TX_1,3389.0,3386.0519550182207,snap_weekday_month_event,"Calendar SARIMAX (1, 1, 1)(1, 1, 1, 7) - TX_1",2.948044981779276,2.948044981779276,0.08698863917908752
2016-04-02,TX_1,4018.0,3763.0333117847867,snap_weekday_month_event,"Calendar SARIMAX (1, 1, 1)(1, 1, 1, 7) - TX_1",254.96668821521325,254.96668821521325,6.345611951598141
2016-04-03,TX_1,4275.0,4368.978751637919,snap_weekday_month_event,"Calendar SARIMAX (1, 1, 1)(1, 1, 1, 7) - TX_1",-93.97875163791923,93.97875163791923,2.1983333716472333
2016-04-04,TX_1,3032.0,3145.940488646742,snap_weekday_month_event,"Calendar SARIMAX (1, 1, 1)(1, 1, 1, 7) - TX_1",-113.94048864674187,113.94048864674187,3.7579316835996655
2016-04-05,TX_1,3215.0,3214.1197932255086,snap_weekday_month_event,"Calendar SARIMAX (1, 1, 1)(1, 1, 1, 7) - TX_1",0.8802067744913984,0.8802067744913984,0.027378126733791554
2016-04-06,TX_1,3201.0,3204.3589688005086,snap_weekday_month_event,"Calendar SARIMAX (1, 1, 1)(1, 1, 1, 7) - TX_1",-3.358968800508592,3.358968800508592,0.10493498283375795
2016-04-07,TX_1,3100.0,3216.9542868231647,snap_weekday_month_event,"Calendar SARIMAX (1, 1, 1)(1, 1, 1, 7) - TX_1",-116.9542868231647,116.9542868231647,3.772718929779506
2016-04-08,TX_1,3301.0,3065.2287894568585,snap_weekday_month_event,"Calendar SARIMAX (1, 1, 1)(1, 1, 1, 7) - TX_1",235.77121054314148,235.77121054314148,7.1424177686501515
2016-04-09,TX_1,4068.0,4066.2063862442105,snap_weekday_month_event,"Calendar SARIMAX (1, 1, 1)(1, 1, 1, 7) - TX_1",1.7936137557894654,1.7936137557894654,0.04409080028980986
2016-04-10,TX_1,4148.0,4031.024572056021,snap_weekday_month_event,"Calendar SARIMAX (1, 1, 1)(1, 1, 1, 7) - TX_1",116.97542794397896,116.97542794397896,2.8200440680804952
2016-04-11,TX_1,3168.0,3459.915693897203,snap_weekday_month_event,"Calendar SARIMAX (1, 1, 1)(1, 1, 1, 7) - TX_1",-291.9156938972028,291.9156938972028,9.214510539684431
2016-04-12,TX_1,3029.0,3225.6023349003226,snap_weekday_month_event,"Calendar SARIMAX (1, 1, 1)(1, 1, 1, 7) - TX_1",-196.6023349003226,196.6023349003226,6.490668038967402
2016-04-13,TX_1,2852.0,3216.2647400372116,snap_weekday_month_event,"Calendar SARIMAX (1, 1, 1)(1, 1, 1, 7) - TX_1",-364.2647400372116,364.2647400372116,12.772255962034068
2016-04-14,TX_1,2924.0,2924.8065503063804,snap_weekday_month_event,"Calendar SARIMAX (1, 1, 1)(1, 1, 1, 7) - TX_1",-0.806550306380359,0.806550306380359,0.027583799807809818
2016-04-15,TX_1,3084.0,3379.1743281340805,snap_weekday_month_event,"Calendar SARIMAX (1, 1, 1)(1, 1, 1, 7) - TX_1",-295.1743281340805,295.1743281340805,9.571152014723753
2016-04-16,TX_1,3724.0,3770.2378738933903,snap_weekday_month_event,"Calendar SARIMAX (1, 1, 1)(1, 1, 1, 7) - TX_1",-46.237873893390315,46.237873893390315,1.2416185256012437
2016-04-17,TX_1,4192.0,4037.811005916343,snap_weekday_month_event,"Calendar SARIMAX (1, 1, 1)(1, 1, 1, 7) - TX_1",154.18899408365678,154.18899408365678,3.678172568789522
2016-04-18,TX_1,3410.0,3164.9563731606877,snap_weekday_month_event,"Calendar SARIMAX (1, 1, 1)(1, 1, 1, 7) - TX_1",245.0436268393123,245.0436268393123,7.186030112589805
2016-04-19,TX_1,3257.0,2930.9294533445495,snap_weekday_month_event,"Calendar SARIMAX (1, 1, 1)(1, 1, 1, 7) - TX_1",326.07054665545047,326.07054665545047,10.0113769313924
2016-04-20,TX_1,2901.0,2921.6313988027186,snap_weekday_month_event,"Calendar SARIMAX (1, 1, 1)(1, 1, 1, 7) - TX_1",-20.63139880271865,20.63139880271865,0.7111823096421458
2016-04-21,TX_1,2776.0,2935.8724618737865,snap_weekday_month_event,"Calendar SARIMAX (1, 1, 1)(1, 1, 1, 7) - TX_1",-159.8724618737865,159.8724618737865,5.759094447902973
2016-04-22,TX_1,3022.0,3084.212235791145,snap_weekday_month_event,"Calendar SARIMAX (1, 1, 1)(1, 1, 1, 7) - TX_1",-62.21223579114485,62.21223579114485,2.0586444669472153
2016-04-23,TX_1,3700.0,3780.9468285807743,snap_weekday_month_event,"Calendar SARIMAX (1, 1, 1)(1, 1, 1, 7) - TX_1",-80.94682858077431,80.94682858077431,2.187752123804711
2016-04-24,TX_1,4033.0,4048.2580252399644,snap_weekday_month_event,"Calendar SARIMAX (1, 1, 1)(1, 1, 1, 7) - TX_1",-15.258025239964354,15.258025239964354,0.37832941333906156
2016-03-28,TX_2,3740.0,4069.1153157027684,snap_only,"SARIMAX (1, 1, 0)(1, 1, 1, 7) - TX_2",-329.1153157027684,329.1153157027684,8.799874751410918
2016-03-29,TX_2,2899.0,3568.9458771194386,snap_only,"SARIMAX (1, 1, 0)(1, 1, 1, 7) - TX_2",-669.9458771194386,669.9458771194386,23.109550780249695
2016-03-30,TX_2,3137.0,3698.909489923605,snap_only,"SARIMAX (1, 1, 0)(1, 1, 1, 7) - TX_2",-561.9094899236052,561.9094899236052,17.912320367344762
2016-03-31,TX_2,3355.0,3678.7761073069278,snap_only,"SARIMAX (1, 1, 0)(1, 1, 1, 7) - TX_2",-323.77610730692777,323.77610730692777,9.650554614215432
2016-04-01,TX_2,4113.0,4357.83824108641,snap_only,"SARIMAX (1, 1, 0)(1, 1, 1, 7) - TX_2",-244.83824108640965,244.83824108640965,5.952789717636996
2016-04-02,TX_2,4785.0,4769.723940471001,snap_only,"SARIMAX (1, 1, 0)(1, 1, 1, 7) - TX_2",15.276059528999212,15.276059528999212,0.31924889297804
2016-04-03,TX_2,5170.0,5235.48863839025,snap_only,"SARIMAX (1, 1, 0)(1, 1, 1, 7) - TX_2",-65.48863839025034,65.48863839025034,1.266704804453585
2016-04-04,TX_2,3791.0,4050.9721344868813,snap_only,"SARIMAX (1, 1, 0)(1, 1, 1, 7) - TX_2",-259.97213448688126,259.97213448688126,6.857613676783996
2016-04-05,TX_2,3721.0,3928.792212855931,snap_only,"SARIMAX (1, 1, 0)(1, 1, 1, 7) - TX_2",-207.7922128559312,207.7922128559312,5.584311014671626
2016-04-06,TX_2,3366.0,3997.647105416425,snap_only,"SARIMAX (1, 1, 0)(1, 1, 1, 7) - TX_2",-631.6471054164249,631.6471054164249,18.76551115319147
2016-04-07,TX_2,3795.0,4058.3864474917705,snap_only,"SARIMAX (1, 1, 0)(1, 1, 1, 7) - TX_2",-263.38644749177047,263.38644749177047,6.940354347609235
2016-04-08,TX_2,3748.0,3973.8166017241642,snap_only,"SARIMAX (1, 1, 0)(1, 1, 1, 7) - TX_2",-225.81660172416423,225.81660172416423,6.024989373643656
2016-04-09,TX_2,4820.0,5077.107497693364,snap_only,"SARIMAX (1, 1, 0)(1, 1, 1, 7) - TX_2",-257.10749769336417,257.10749769336417,5.3341804500697965
2016-04-10,TX_2,5035.0,4934.484151421608,snap_only,"SARIMAX (1, 1, 0)(1, 1, 1, 7) - TX_2",100.51584857839225,100.51584857839225,1.996342573552974
2016-04-11,TX_2,4033.0,4386.042313691008,snap_only,"SARIMAX (1, 1, 0)(1, 1, 1, 7) - TX_2",-353.0423136910076,353.0423136910076,8.753838673221116
2016-04-12,TX_2,3484.0,3942.196876051093,snap_only,"SARIMAX (1, 1, 0)(1, 1, 1, 7) - TX_2",-458.1968760510931,458.1968760510931,13.151460277011859
2016-04-13,TX_2,3348.0,4004.431477483903,snap_only,"SARIMAX (1, 1, 0)(1, 1, 1, 7) - TX_2",-656.4314774839031,656.4314774839031,19.60667495471634
2016-04-14,TX_2,3851.0,3747.21112544949,snap_only,"SARIMAX (1, 1, 0)(1, 1, 1, 7) - TX_2",103.78887455051017,103.78887455051017,2.6951148935473945
2016-04-15,TX_2,3897.0,4304.217297750279,snap_only,"SARIMAX (1, 1, 0)(1, 1, 1, 7) - TX_2",-407.2172977502787,407.2172977502787,10.449507255588369
2016-04-16,TX_2,4475.0,4757.874926087257,snap_only,"SARIMAX (1, 1, 0)(1, 1, 1, 7) - TX_2",-282.87492608725734,282.87492608725734,6.32122739859793
2016-04-17,TX_2,4998.0,4947.254010330069,snap_only,"SARIMAX (1, 1, 0)(1, 1, 1, 7) - TX_2",50.74598966993108,50.74598966993108,1.0153259237681287
2016-04-18,TX_2,3311.0,4069.91318273658,snap_only,"SARIMAX (1, 1, 0)(1, 1, 1, 7) - TX_2",-758.91318273658,758.91318273658,22.920965953989125
2016-04-19,TX_2,3727.0,3626.656579412146,snap_only,"SARIMAX (1, 1, 0)(1, 1, 1, 7) - TX_2",100.34342058785387,100.34342058785387,2.6923375526657867
2016-04-20,TX_2,3384.0,3688.149405378479,snap_only,"SARIMAX (1, 1, 0)(1, 1, 1, 7) - TX_2",-304.14940537847906,304.14940537847906,8.987866589198553
2016-04-21,TX_2,3446.0,3758.8399026971992,snap_only,"SARIMAX (1, 1, 0)(1, 1, 1, 7) - TX_2",-312.83990269719925,312.83990269719925,9.078348888485179
2016-04-22,TX_2,3902.0,3987.567016148799,snap_only,"SARIMAX (1, 1, 0)(1, 1, 1, 7) - TX_2",-85.56701614879921,85.56701614879921,2.1929014902306307
2016-04-23,TX_2,4483.0,4768.601984759921,snap_only,"SARIMAX (1, 1, 0)(1, 1, 1, 7) - TX_2",-285.6019847599209,285.6019847599209,6.370778156589804
2016-04-24,TX_2,4292.0,4958.55098410213,snap_only,"SARIMAX (1, 1, 0)(1, 1, 1, 7) - TX_2",-666.5509841021303,666.5509841021303,15.530078846741155
2016-03-28,TX_3,3537.0,3766.0352575301304,snap_weekday_month_event,"Calendar SARIMAX (1, 1, 0)(1, 1, 1, 7) - TX_3",-229.03525753013037,229.03525753013037,6.475410164832637
2016-03-29,TX_3,2924.0,3352.395402405752,snap_weekday_month_event,"Calendar SARIMAX (1, 1, 0)(1, 1, 1, 7) - TX_3",-428.39540240575207,428.39540240575207,14.651005554232288
2016-03-30,TX_3,2890.0,3388.3952791649804,snap_weekday_month_event,"Calendar SARIMAX (1, 1, 0)(1, 1, 1, 7) - TX_3",-498.39527916498037,498.39527916498037,17.24551138979171
2016-03-31,TX_3,3320.0,3363.296353419535,snap_weekday_month_event,"Calendar SARIMAX (1, 1, 0)(1, 1, 1, 7) - TX_3",-43.29635341953508,43.29635341953508,1.304107030708888
2016-04-01,TX_3,4350.0,3956.6876122302833,snap_weekday_month_event,"Calendar SARIMAX (1, 1, 0)(1, 1, 1, 7) - TX_3",393.3123877697167,393.3123877697167,9.041664086660154
2016-04-02,TX_3,4292.0,4195.795820122551,snap_weekday_month_event,"Calendar SARIMAX (1, 1, 0)(1, 1, 1, 7) - TX_3",96.20417987744895,96.20417987744895,2.2414766979834333
2016-04-03,TX_3,4606.0,4552.388081909545,snap_weekday_month_event,"Calendar SARIMAX (1, 1, 0)(1, 1, 1, 7) - TX_3",53.61191809045522,53.61191809045522,1.1639582737832224
2016-04-04,TX_3,3674.0,3689.257342230194,snap_weekday_month_event,"Calendar SARIMAX (1, 1, 0)(1, 1, 1, 7) - TX_3",-15.257342230193899,15.257342230193899,0.4152787759987452
2016-04-05,TX_3,3530.0,3651.7719608950983,snap_weekday_month_event,"Calendar SARIMAX (1, 1, 0)(1, 1, 1, 7) - TX_3",-121.77196089509835,121.77196089509835,3.449630620257744
2016-04-06,TX_3,3771.0,3615.467013451159,snap_weekday_month_event,"Calendar SARIMAX (1, 1, 0)(1, 1, 1, 7) - TX_3",155.5329865488411,155.5329865488411,4.124449391377382
2016-04-07,TX_3,3705.0,3621.6520457906167,snap_weekday_month_event,"Calendar SARIMAX (1, 1, 0)(1, 1, 1, 7) - TX_3",83.34795420938326,83.34795420938326,2.249607401062976
2016-04-08,TX_3,3717.0,3592.4961620192366,snap_weekday_month_event,"Calendar SARIMAX (1, 1, 0)(1, 1, 1, 7) - TX_3",124.50383798076336,124.50383798076336,3.3495786381695822
2016-04-09,TX_3,4472.0,4467.349464421005,snap_weekday_month_event,"Calendar SARIMAX (1, 1, 0)(1, 1, 1, 7) - TX_3",4.6505355789950045,4.6505355789950045,0.10399229827806361
2016-04-10,TX_3,4635.0,4271.595075801675,snap_weekday_month_event,"Calendar SARIMAX (1, 1, 0)(1, 1, 1, 7) - TX_3",363.4049241983248,363.4049241983248,7.840451439014559
2016-04-11,TX_3,3973.0,3994.3627679752108,snap_weekday_month_event,"Calendar SARIMAX (1, 1, 0)(1, 1, 1, 7) - TX_3",-21.362767975210772,21.362767975210772,0.5376986653715271
2016-04-12,TX_3,3905.0,3662.233548317275,snap_weekday_month_event,"Calendar SARIMAX (1, 1, 0)(1, 1, 1, 7) - TX_3",242.7664516827249,242.7664516827249,6.216810542451342
2016-04-13,TX_3,3494.0,3616.2324735110687,snap_weekday_month_event,"Calendar SARIMAX (1, 1, 0)(1, 1, 1, 7) - TX_3",-122.23247351106875,122.23247351106875,3.498353563568081
2016-04-14,TX_3,3517.0,3322.490242123834,snap_weekday_month_event,"Calendar SARIMAX (1, 1, 0)(1, 1, 1, 7) - TX_3",194.50975787616608,194.50975787616608,5.530558938759342
2016-04-15,TX_3,3819.0,3893.9464934336715,snap_weekday_month_event,"Calendar SARIMAX (1, 1, 0)(1, 1, 1, 7) - TX_3",-74.94649343367155,74.94649343367155,1.9624638238719967
2016-04-16,TX_3,4261.0,4164.287533178973,snap_weekday_month_event,"Calendar SARIMAX (1, 1, 0)(1, 1, 1, 7) - TX_3",96.71246682102719,96.71246682102719,2.269712903567876
2016-04-17,TX_3,4519.0,4280.266280490379,snap_weekday_month_event,"Calendar SARIMAX (1, 1, 0)(1, 1, 1, 7) - TX_3",238.73371950962064,238.73371950962064,5.282888238761244
2016-04-18,TX_3,3147.0,3695.869656613239,snap_weekday_month_event,"Calendar SARIMAX (1, 1, 0)(1, 1, 1, 7) - TX_3",-548.8696566132389,548.8696566132389,17.44104406143117
2016-04-19,TX_3,3938.0,3365.0311997412523,snap_weekday_month_event,"Calendar SARIMAX (1, 1, 0)(1, 1, 1, 7) - TX_3",572.9688002587477,572.9688002587477,14.549740991842247
2016-04-20,TX_3,3315.0,3317.7101927088565,snap_weekday_month_event,"Calendar SARIMAX (1, 1, 0)(1, 1, 1, 7) - TX_3",-2.710192708856539,2.710192708856539,0.08175543616460147
2016-04-21,TX_3,3380.0,3328.6601906495034,snap_weekday_month_event,"Calendar SARIMAX (1, 1, 0)(1, 1, 1, 7) - TX_3",51.33980935049658,51.33980935049658,1.5189292707247508
2016-04-22,TX_3,3691.0,3594.9566916884983,snap_weekday_month_event,"Calendar SARIMAX (1, 1, 0)(1, 1, 1, 7) - TX_3",96.04330831150173,96.04330831150173,2.6020945085749587
2016-04-23,TX_3,4083.0,4169.926694068189,snap_weekday_month_event,"Calendar SARIMAX (1, 1, 0)(1, 1, 1, 7) - TX_3",-86.92669406818914,86.92669406818914,2.128990792755061
2016-04-24,TX_3,3957.0,4286.941258879635,snap_weekday_month_event,"Calendar SARIMAX (1, 1, 0)(1, 1, 1, 7) - TX_3",-329.9412588796349,329.9412588796349,8.338166764711522
2016-03-28,WI_1,3039.0,2940.683149236257,snap_only,"SARIMAX (1, 1, 1)(1, 1, 1, 7) - WI_1",98.31685076374288,98.31685076374288,3.235171134048795
2016-03-29,WI_1,2780.0,2944.8204457629877,snap_only,"SARIMAX (1, 1, 1)(1, 1, 1, 7) - WI_1",-164.82044576298767,164.82044576298767,5.928793013057111
2016-03-30,WI_1,2692.0,3200.5063901607527,snap_only,"SARIMAX (1, 1, 1)(1, 1, 1, 7) - WI_1",-508.50639016075274,508.50639016075274,18.88953901042915
2016-03-31,WI_1,2858.0,3232.916250994778,snap_only,"SARIMAX (1, 1, 1)(1, 1, 1, 7) - WI_1",-374.9162509947778,374.9162509947778,13.11813334481378
2016-04-01,WI_1,4362.0,4030.749606416171,snap_only,"SARIMAX (1, 1, 1)(1, 1, 1, 7) - WI_1",331.250393583829,331.250393583829,7.5940026039392245
2016-04-02,WI_1,5119.0,5423.182163753763,snap_only,"SARIMAX (1, 1, 1)(1, 1, 1, 7) - WI_1",-304.18216375376323,304.18216375376323,5.942218475361657
2016-04-03,WI_1,5370.0,4605.825932546086,snap_only,"SARIMAX (1, 1, 1)(1, 1, 1, 7) - WI_1",764.1740674539142,764.1740674539142,14.230429561525405
2016-04-04,WI_1,3168.0,3170.4317579984627,snap_only,"SARIMAX (1, 1, 1)(1, 1, 1, 7) - WI_1",-2.431757998462672,2.431757998462672,0.0767600378302611
2016-04-05,WI_1,3231.0,3085.0134926552846,snap_only,"SARIMAX (1, 1, 1)(1, 1, 1, 7) - WI_1",145.9865073447154,145.9865073447154,4.5183072530088335
2016-04-06,WI_1,2996.0,3337.4246811698085,snap_only,"SARIMAX (1, 1, 1)(1, 1, 1, 7) - WI_1",-341.42468116980854,341.42468116980854,11.39601739552098
2016-04-07,WI_1,3288.0,3284.638271351072,snap_only,"SARIMAX (1, 1, 1)(1, 1, 1, 7) - WI_1",3.361728648927965,3.361728648927965,0.10224235550267533
2016-04-08,WI_1,3866.0,4048.024499829294,snap_only,"SARIMAX (1, 1, 1)(1, 1, 1, 7) - WI_1",-182.0244998292942,182.0244998292942,4.708341951094004
2016-04-09,WI_1,6182.0,5377.780398520207,snap_only,"SARIMAX (1, 1, 1)(1, 1, 1, 7) - WI_1",804.2196014797928,804.2196014797928,13.009052110640454
2016-04-10,WI_1,4995.0,4607.282658360416,snap_only,"SARIMAX (1, 1, 1)(1, 1, 1, 7) - WI_1",387.71734163958445,387.71734163958445,7.762108941733422
2016-04-11,WI_1,3493.0,3279.5610674653226,snap_only,"SARIMAX (1, 1, 1)(1, 1, 1, 7) - WI_1",213.4389325346774,213.4389325346774,6.11047616761172
2016-04-12,WI_1,3388.0,3101.4726553093224,snap_only,"SARIMAX (1, 1, 1)(1, 1, 1, 7) - WI_1",286.52734469067764,286.52734469067764,8.45712351507313
2016-04-13,WI_1,3169.0,3273.143940630996,snap_only,"SARIMAX (1, 1, 1)(1, 1, 1, 7) - WI_1",-104.14394063099598,104.14394063099598,3.2863345102870305
2016-04-14,WI_1,3241.0,3381.0308525600926,snap_only,"SARIMAX (1, 1, 1)(1, 1, 1, 7) - WI_1",-140.03085256009263,140.03085256009263,4.320606373344419
2016-04-15,WI_1,3862.0,4055.692787705513,snap_only,"SARIMAX (1, 1, 1)(1, 1, 1, 7) - WI_1",-193.69278770551318,193.69278770551318,5.015349241468493
2016-04-16,WI_1,4862.0,5306.218928612136,snap_only,"SARIMAX (1, 1, 1)(1, 1, 1, 7) - WI_1",-444.21892861213564,444.21892861213564,9.136547277090408
2016-04-17,WI_1,4812.0,4625.332900903394,snap_only,"SARIMAX (1, 1, 1)(1, 1, 1, 7) - WI_1",186.66709909660585,186.66709909660585,3.8791998981007034
2016-04-18,WI_1,3236.0,3213.292909909883,snap_only,"SARIMAX (1, 1, 1)(1, 1, 1, 7) - WI_1",22.707090090117163,22.707090090117163,0.7017024131680211
2016-04-19,WI_1,3069.0,3034.3345877831207,snap_only,"SARIMAX (1, 1, 1)(1, 1, 1, 7) - WI_1",34.665412216879304,34.665412216879304,1.1295344482528284
2016-04-20,WI_1,3242.0,3286.493581594811,snap_only,"SARIMAX (1, 1, 1)(1, 1, 1, 7) - WI_1",-44.493581594811076,44.493581594811076,1.372411523590718
2016-04-21,WI_1,3324.0,3313.8519466893604,snap_only,"SARIMAX (1, 1, 1)(1, 1, 1, 7) - WI_1",10.148053310639625,10.148053310639625,0.30529642932128837
2016-04-22,WI_1,3991.0,3987.9261228608134,snap_only,"SARIMAX (1, 1, 1)(1, 1, 1, 7) - WI_1",3.0738771391866067,3.0738771391866067,0.07702022398362833
2016-04-23,WI_1,4772.0,5319.047956230872,snap_only,"SARIMAX (1, 1, 1)(1, 1, 1, 7) - WI_1",-547.0479562308719,547.0479562308719,11.463704028308296
2016-04-24,WI_1,4874.0,4638.813142981129,snap_only,"SARIMAX (1, 1, 1)(1, 1, 1, 7) - WI_1",235.1868570188708,235.1868570188708,4.825335597432721
2016-03-28,WI_2,4254.0,4193.390738723035,snap_only,"SARIMAX (1, 1, 1)(0, 1, 1, 7) - WI_2",60.6092612769653,60.6092612769653,1.4247593153964575
2016-03-29,WI_2,4041.0,4287.029304589567,snap_only,"SARIMAX (1, 1, 1)(0, 1, 1, 7) - WI_2",-246.0293045895669,246.0293045895669,6.088327260320884
2016-03-30,WI_2,3626.0,4507.572414479978,snap_only,"SARIMAX (1, 1, 1)(0, 1, 1, 7) - WI_2",-881.5724144799779,881.5724144799779,24.312532114726363
2016-03-31,WI_2,3908.0,4658.4718303999425,snap_only,"SARIMAX (1, 1, 1)(0, 1, 1, 7) - WI_2",-750.4718303999425,750.4718303999425,19.203475701124425
2016-04-01,WI_2,6146.0,4873.227638360535,snap_only,"SARIMAX (1, 1, 1)(0, 1, 1, 7) - WI_2",1272.772361639465,1272.772361639465,20.708954794003663
2016-04-02,WI_2,7069.0,6239.757144518834,snap_only,"SARIMAX (1, 1, 1)(0, 1, 1, 7) - WI_2",829.2428554811659,829.2428554811659,11.730695366829337
2016-04-03,WI_2,6953.0,5924.373609070208,snap_only,"SARIMAX (1, 1, 1)(0, 1, 1, 7) - WI_2",1028.6263909297923,1028.6263909297923,14.793993828991692
2016-04-04,WI_2,5010.0,4609.240192915177,snap_only,"SARIMAX (1, 1, 1)(0, 1, 1, 7) - WI_2",400.75980708482257,400.75980708482257,7.999197746204044
2016-04-05,WI_2,5680.0,5270.770547914805,snap_only,"SARIMAX (1, 1, 1)(0, 1, 1, 7) - WI_2",409.2294520851947,409.2294520851947,7.204743874739343
2016-04-06,WI_2,6143.0,5396.537634121361,snap_only,"SARIMAX (1, 1, 1)(0, 1, 1, 7) - WI_2",746.4623658786386,746.4623658786386,12.15143034150478
2016-04-07,WI_2,5342.0,4706.8923498597205,snap_only,"SARIMAX (1, 1, 1)(0, 1, 1, 7) - WI_2",635.1076501402795,635.1076501402795,11.888948898170714
2016-04-08,WI_2,6695.0,5708.352880722325,snap_only,"SARIMAX (1, 1, 1)(0, 1, 1, 7) - WI_2",986.6471192776753,986.6471192776753,14.737074223714345
2016-04-09,WI_2,7852.0,6266.400712413585,snap_only,"SARIMAX (1, 1, 1)(0, 1, 1, 7) - WI_2",1585.599287586415,1585.599287586415,20.193572180163205
2016-04-10,WI_2,6012.0,5146.270366316566,snap_only,"SARIMAX (1, 1, 1)(0, 1, 1, 7) - WI_2",865.7296336834343,865.7296336834343,14.400027173709818
2016-04-11,WI_2,6227.0,5434.531163126388,snap_only,"SARIMAX (1, 1, 1)(0, 1, 1, 7) - WI_2",792.4688368736124,792.4688368736124,12.726334300202543
2016-04-12,WI_2,5934.0,5293.4363936944765,snap_only,"SARIMAX (1, 1, 1)(0, 1, 1, 7) - WI_2",640.5636063055235,640.5636063055235,10.794802937403498
2016-04-13,WI_2,4584.0,4616.82550023856,snap_only,"SARIMAX (1, 1, 1)(0, 1, 1, 7) - WI_2",-32.82550023856038,32.82550023856038,0.7160885741396243
2016-04-14,WI_2,5263.0,5531.532563031953,snap_only,"SARIMAX (1, 1, 1)(0, 1, 1, 7) - WI_2",-268.53256303195303,268.53256303195303,5.10227176576008
2016-04-15,WI_2,6259.0,5730.755511225271,snap_only,"SARIMAX (1, 1, 1)(0, 1, 1, 7) - WI_2",528.2444887747288,528.2444887747288,8.439758568057657
2016-04-16,WI_2,5579.0,5486.582114400931,snap_only,"SARIMAX (1, 1, 1)(0, 1, 1, 7) - WI_2",92.41788559906945,92.41788559906945,1.6565313783665432
2016-04-17,WI_2,5566.0,5168.657396452229,snap_only,"SARIMAX (1, 1, 1)(0, 1, 1, 7) - WI_2",397.34260354777143,397.34260354777143,7.1387460213397675
2016-04-18,WI_2,4347.0,4654.706255147425,snap_only,"SARIMAX (1, 1, 1)(0, 1, 1, 7) - WI_2",-307.7062551474246,307.7062551474246,7.078588800262815
2016-04-19,WI_2,4464.0,4513.610750698643,snap_only,"SARIMAX (1, 1, 1)(0, 1, 1, 7) - WI_2",-49.61075069864273,49.61075069864273,1.1113519421738964
2016-04-20,WI_2,4194.0,4639.209680851152,snap_only,"SARIMAX (1, 1, 1)(0, 1, 1, 7) - WI_2",-445.20968085115237,445.20968085115237,10.615395346951654
2016-04-21,WI_2,4393.0,4751.706502490729,snap_only,"SARIMAX (1, 1, 1)(0, 1, 1, 7) - WI_2",-358.7065024907288,358.7065024907288,8.165410937644635
2016-04-22,WI_2,4988.0,4950.929402046244,snap_only,"SARIMAX (1, 1, 1)(0, 1, 1, 7) - WI_2",37.07059795375608,37.07059795375608,0.7431956285837225
2016-04-23,WI_2,5404.0,5508.966106453843,snap_only,"SARIMAX (1, 1, 1)(0, 1, 1, 7) - WI_2",-104.96610645384317,104.96610645384317,1.9423779876728935
2016-04-24,WI_2,5127.0,5191.041380547976,snap_only,"SARIMAX (1, 1, 1)(0, 1, 1, 7) - WI_2",-64.04138054797568,64.04138054797568,1.2491004592934598
2016-03-28,WI_3,2963.0,3321.8196820348367,snap_only,"SARIMAX (1, 1, 1)(0, 1, 1, 7) - WI_3",-358.81968203483666,358.81968203483666,12.110012893514568
2016-03-29,WI_3,3395.0,3222.421585329566,snap_only,"SARIMAX (1, 1, 1)(0, 1, 1, 7) - WI_3",172.57841467043409,172.57841467043409,5.08331118322339
2016-03-30,WI_3,2861.0,3243.1566073410495,snap_only,"SARIMAX (1, 1, 1)(0, 1, 1, 7) - WI_3",-382.1566073410495,382.1566073410495,13.357448701190124
2016-03-31,WI_3,3008.0,3437.1684334988367,snap_only,"SARIMAX (1, 1, 1)(0, 1, 1, 7) - WI_3",-429.16843349883675,429.16843349883675,14.26756760301984
2016-04-01,WI_3,4254.0,3769.526368201514,snap_only,"SARIMAX (1, 1, 1)(0, 1, 1, 7) - WI_3",484.47363179848617,484.47363179848617,11.388660832122383
2016-04-02,WI_3,5218.0,5221.4218037477185,snap_only,"SARIMAX (1, 1, 1)(0, 1, 1, 7) - WI_3",-3.4218037477185135,3.4218037477185135,0.06557692119046596
2016-04-03,WI_3,5474.0,4919.508504716191,snap_only,"SARIMAX (1, 1, 1)(0, 1, 1, 7) - WI_3",554.491495283809,554.491495283809,10.129548689875941
2016-04-04,WI_3,3550.0,3461.4714119431637,snap_only,"SARIMAX (1, 1, 1)(0, 1, 1, 7) - WI_3",88.52858805683627,88.52858805683627,2.4937630438545426
2016-04-05,WI_3,3910.0,3793.4851251849595,snap_only,"SARIMAX (1, 1, 1)(0, 1, 1, 7) - WI_3",116.51487481504046,116.51487481504046,2.97992007199592
2016-04-06,WI_3,3850.0,3786.3878506663455,snap_only,"SARIMAX (1, 1, 1)(0, 1, 1, 7) - WI_3",63.61214933365454,63.61214933365454,1.652263619055962
2016-04-07,WI_3,3427.0,3460.944373786239,snap_only,"SARIMAX (1, 1, 1)(0, 1, 1, 7) - WI_3",-33.944373786238884,33.944373786238884,0.9904982137799498
2016-04-08,WI_3,4179.0,4299.31066657886,snap_only,"SARIMAX (1, 1, 1)(0, 1, 1, 7) - WI_3",-120.31066657886004,120.31066657886004,2.878934352210099
2016-04-09,WI_3,5635.0,5240.40744496174,snap_only,"SARIMAX (1, 1, 1)(0, 1, 1, 7) - WI_3",394.5925550382599,394.5925550382599,7.002529814343565
2016-04-10,WI_3,4968.0,4428.505501923606,snap_only,"SARIMAX (1, 1, 1)(0, 1, 1, 7) - WI_3",539.4944980763939,539.4944980763939,10.859390057898429
2016-04-11,WI_3,4043.0,3989.3895510197203,snap_only,"SARIMAX (1, 1, 1)(0, 1, 1, 7) - WI_3",53.61044898027967,53.61044898027967,1.3260066529873775
2016-04-12,WI_3,4137.0,3811.8059714434016,snap_only,"SARIMAX (1, 1, 1)(0, 1, 1, 7) - WI_3",325.19402855659837,325.19402855659837,7.860624330592176
2016-04-13,WI_3,3132.0,3295.1480233257294,snap_only,"SARIMAX (1, 1, 1)(0, 1, 1, 7) - WI_3",-163.14802332572935,163.14802332572935,5.209068433133121
2016-04-14,WI_3,3664.0,3988.7781472007523,snap_only,"SARIMAX (1, 1, 1)(0, 1, 1, 7) - WI_3",-324.7781472007523,324.7781472007523,8.864032401767256
2016-04-15,WI_3,4613.0,4317.601458668547,snap_only,"SARIMAX (1, 1, 1)(0, 1, 1, 7) - WI_3",295.3985413314531,295.3985413314531,6.403610260816239
2016-04-16,WI_3,4897.0,4749.156911214776,snap_only,"SARIMAX (1, 1, 1)(0, 1, 1, 7) - WI_3",147.8430887852237,147.8430887852237,3.0190542941642575
2016-04-17,WI_3,4521.0,4446.79505157553,snap_only,"SARIMAX (1, 1, 1)(0, 1, 1, 7) - WI_3",74.20494842446988,74.20494842446988,1.6413392706142418
2016-04-18,WI_3,3556.0,3498.1385746704786,snap_only,"SARIMAX (1, 1, 1)(0, 1, 1, 7) - WI_3",57.86142532952135,57.86142532952135,1.62714919374357
2016-04-19,WI_3,3331.0,3320.554953679313,snap_only,"SARIMAX (1, 1, 1)(0, 1, 1, 7) - WI_3",10.445046320687197,10.445046320687197,0.31357088924308607
2016-04-20,WI_3,3159.0,3313.437400552854,snap_only,"SARIMAX (1, 1, 1)(0, 1, 1, 7) - WI_3",-154.4374005528539,154.4374005528539,4.888806601863054
2016-04-21,WI_3,3226.0,3497.527109427421,snap_only,"SARIMAX (1, 1, 1)(0, 1, 1, 7) - WI_3",-271.5271094274208,271.5271094274208,8.416835382127116
2016-04-22,WI_3,3828.0,3826.3504190229255,snap_only,"SARIMAX (1, 1, 1)(0, 1, 1, 7) - WI_3",1.6495809770744927,1.6495809770744927,0.04309250201344025
2016-04-23,WI_3,4686.0,4767.446280646889,snap_only,"SARIMAX (1, 1, 1)(0, 1, 1, 7) - WI_3",-81.44628064688914,81.44628064688914,1.7380768383885858
2016-04-24,WI_3,4325.0,4465.084420770041,snap_only,"SARIMAX (1, 1, 1)(0, 1, 1, 7) - WI_3",-140.0844207700411,140.0844207700411,3.2389461449720485
