date,item_id,actual_sales,final_forecast,feature_set,selected_model,error,absolute_error,absolute_percentage_error
2016-03-28,FOODS_2_197,26.0,10.566512013993023,snap_only,"SARIMAX (1, 1, 1)(0, 1, 1, 7) - FOODS_2_197",15.433487986006977,15.433487986006977,59.35956917694991
2016-03-29,FOODS_2_197,12.0,9.863072551001876,snap_only,"SARIMAX (1, 1, 1)(0, 1, 1, 7) - FOODS_2_197",2.136927448998124,2.136927448998124,17.807728741651033
2016-03-30,FOODS_2_197,12.0,7.296059346414135,snap_only,"SARIMAX (1, 1, 1)(0, 1, 1, 7) - FOODS_2_197",4.703940653585865,4.703940653585865,39.19950544654887
2016-03-31,FOODS_2_197,9.0,5.59471909304,snap_only,"SARIMAX (1, 1, 1)(0, 1, 1, 7) - FOODS_2_197",3.40528090696,3.40528090696,37.836454521777775
2016-04-01,FOODS_2_197,9.0,13.814980198790442,snap_only,"SARIMAX (1, 1, 1)(0, 1, 1, 7) - FOODS_2_197",-4.814980198790442,4.814980198790442,53.49977998656047
2016-04-02,FOODS_2_197,23.0,19.91450657918148,snap_only,"SARIMAX (1, 1, 1)(0, 1, 1, 7) - FOODS_2_197",3.085493420818519,3.085493420818519,13.415188786167477
2016-04-03,FOODS_2_197,25.0,25.140943235873348,snap_only,"SARIMAX (1, 1, 1)(0, 1, 1, 7) - FOODS_2_197",-0.14094323587334756,0.14094323587334756,0.5637729434933902
2016-04-04,FOODS_2_197,28.0,17.46530991634215,snap_only,"SARIMAX (1, 1, 1)(0, 1, 1, 7) - FOODS_2_197",10.53469008365785,10.53469008365785,37.62389315592089
2016-04-05,FOODS_2_197,12.0,15.987728056255998,snap_only,"SARIMAX (1, 1, 1)(0, 1, 1, 7) - FOODS_2_197",-3.987728056255998,3.987728056255998,33.231067135466645
2016-04-06,FOODS_2_197,23.0,13.324706761667304,snap_only,"SARIMAX (1, 1, 1)(0, 1, 1, 7) - FOODS_2_197",9.675293238332696,9.675293238332696,42.066492340576936
2016-04-07,FOODS_2_197,12.0,11.61145971520159,snap_only,"SARIMAX (1, 1, 1)(0, 1, 1, 7) - FOODS_2_197",0.38854028479840963,0.38854028479840963,3.2378357066534136
2016-04-08,FOODS_2_197,35.0,13.69494327940021,snap_only,"SARIMAX (1, 1, 1)(0, 1, 1, 7) - FOODS_2_197",21.30505672059979,21.30505672059979,60.87159063028511
2016-04-09,FOODS_2_197,37.0,19.794286525884285,snap_only,"SARIMAX (1, 1, 1)(0, 1, 1, 7) - FOODS_2_197",17.205713474115715,17.205713474115715,46.50192830842085
2016-04-10,FOODS_2_197,23.0,25.02070047055742,snap_only,"SARIMAX (1, 1, 1)(0, 1, 1, 7) - FOODS_2_197",-2.0207004705574185,2.0207004705574185,8.785654219814862
2016-04-11,FOODS_2_197,20.0,11.209763457088872,snap_only,"SARIMAX (1, 1, 1)(0, 1, 1, 7) - FOODS_2_197",8.790236542911128,8.790236542911128,43.951182714555635
2016-04-12,FOODS_2_197,40.0,9.732181247677705,snap_only,"SARIMAX (1, 1, 1)(0, 1, 1, 7) - FOODS_2_197",30.267818752322295,30.267818752322295,75.66954688080574
2016-04-13,FOODS_2_197,7.0,7.069159909766197,snap_only,"SARIMAX (1, 1, 1)(0, 1, 1, 7) - FOODS_2_197",-0.06915990976619657,0.06915990976619657,0.9879987109456654
2016-04-14,FOODS_2_197,9.0,5.355912857927646,snap_only,"SARIMAX (1, 1, 1)(0, 1, 1, 7) - FOODS_2_197",3.6440871420723537,3.6440871420723537,40.48985713413727
2016-04-15,FOODS_2_197,9.0,7.439396421459933,snap_only,"SARIMAX (1, 1, 1)(0, 1, 1, 7) - FOODS_2_197",1.560603578540067,1.560603578540067,17.3400397615563
2016-04-16,FOODS_2_197,22.0,13.538739667861371,snap_only,"SARIMAX (1, 1, 1)(0, 1, 1, 7) - FOODS_2_197",8.461260332138629,8.461260332138629,38.46027423699377
2016-04-17,FOODS_2_197,24.0,18.76515361252426,snap_only,"SARIMAX (1, 1, 1)(0, 1, 1, 7) - FOODS_2_197",5.234846387475741,5.234846387475741,21.81185994781559
2016-04-18,FOODS_2_197,21.0,11.089517476278033,snap_only,"SARIMAX (1, 1, 1)(0, 1, 1, 7) - FOODS_2_197",9.910482523721967,9.910482523721967,47.19277392248556
2016-04-19,FOODS_2_197,22.0,9.611935266866706,snap_only,"SARIMAX (1, 1, 1)(0, 1, 1, 7) - FOODS_2_197",12.388064733133294,12.388064733133294,56.309385150605884
2016-04-20,FOODS_2_197,25.0,6.948913928955179,snap_only,"SARIMAX (1, 1, 1)(0, 1, 1, 7) - FOODS_2_197",18.05108607104482,18.05108607104482,72.20434428417929
2016-04-21,FOODS_2_197,11.0,5.235666877116625,snap_only,"SARIMAX (1, 1, 1)(0, 1, 1, 7) - FOODS_2_197",5.764333122883375,5.764333122883375,52.40302838984886
2016-04-22,FOODS_2_197,11.0,7.319150440648911,snap_only,"SARIMAX (1, 1, 1)(0, 1, 1, 7) - FOODS_2_197",3.6808495593510893,3.6808495593510893,33.46226872137354
2016-04-23,FOODS_2_197,19.0,13.418493687050347,snap_only,"SARIMAX (1, 1, 1)(0, 1, 1, 7) - FOODS_2_197",5.581506312949653,5.581506312949653,29.37634901552449
2016-04-24,FOODS_2_197,33.0,18.644907631713238,snap_only,"SARIMAX (1, 1, 1)(0, 1, 1, 7) - FOODS_2_197",14.355092368286762,14.355092368286762,43.50027990389928
2016-03-28,FOODS_3_080,16.0,16.91069047489855,snap_only,"SARIMAX (1, 1, 1)(0, 1, 1, 7) - FOODS_3_080",-0.9106904748985514,0.9106904748985514,5.691815468115946
2016-03-29,FOODS_3_080,27.0,16.667101887812446,snap_only,"SARIMAX (1, 1, 1)(0, 1, 1, 7) - FOODS_3_080",10.332898112187554,10.332898112187554,38.26999300810205
2016-03-30,FOODS_3_080,7.0,16.447760022572766,snap_only,"SARIMAX (1, 1, 1)(0, 1, 1, 7) - FOODS_3_080",-9.447760022572766,9.447760022572766,134.96800032246807
2016-03-31,FOODS_3_080,13.0,17.174802269148344,snap_only,"SARIMAX (1, 1, 1)(0, 1, 1, 7) - FOODS_3_080",-4.174802269148344,4.174802269148344,32.11386360883341
2016-04-01,FOODS_3_080,28.0,20.67364431026905,snap_only,"SARIMAX (1, 1, 1)(0, 1, 1, 7) - FOODS_3_080",7.326355689730949,7.326355689730949,26.16555603475339
2016-04-02,FOODS_3_080,31.0,25.79986316221138,snap_only,"SARIMAX (1, 1, 1)(0, 1, 1, 7) - FOODS_3_080",5.2001368377886195,5.2001368377886195,16.774634960608452
2016-04-03,FOODS_3_080,20.0,23.618830266571553,snap_only,"SARIMAX (1, 1, 1)(0, 1, 1, 7) - FOODS_3_080",-3.6188302665715533,3.6188302665715533,18.094151332857766
2016-04-04,FOODS_3_080,21.0,18.002309263652997,snap_only,"SARIMAX (1, 1, 1)(0, 1, 1, 7) - FOODS_3_080",2.9976907363470033,2.9976907363470033,14.274717792128587
2016-04-05,FOODS_3_080,17.0,17.518693231778947,snap_only,"SARIMAX (1, 1, 1)(0, 1, 1, 7) - FOODS_3_080",-0.518693231778947,0.518693231778947,3.0511366575232177
2016-04-06,FOODS_3_080,26.0,17.286625392828142,snap_only,"SARIMAX (1, 1, 1)(0, 1, 1, 7) - FOODS_3_080",8.713374607171858,8.713374607171858,33.5129792583533
2016-04-07,FOODS_3_080,11.0,18.01299292319766,snap_only,"SARIMAX (1, 1, 1)(0, 1, 1, 7) - FOODS_3_080",-7.012992923197661,7.012992923197661,63.754481119978735
2016-04-08,FOODS_3_080,14.0,20.70162863646823,snap_only,"SARIMAX (1, 1, 1)(0, 1, 1, 7) - FOODS_3_080",-6.701628636468229,6.701628636468229,47.868775974773065
2016-04-09,FOODS_3_080,21.0,25.827845591785945,snap_only,"SARIMAX (1, 1, 1)(0, 1, 1, 7) - FOODS_3_080",-4.827845591785945,4.827845591785945,22.989740913266406
2016-04-10,FOODS_3_080,12.0,23.646812595589303,snap_only,"SARIMAX (1, 1, 1)(0, 1, 1, 7) - FOODS_3_080",-11.646812595589303,11.646812595589303,97.05677162991086
2016-04-11,FOODS_3_080,19.0,17.220121032151397,snap_only,"SARIMAX (1, 1, 1)(0, 1, 1, 7) - FOODS_3_080",1.779878967848603,1.779878967848603,9.367784041308438
2016-04-12,FOODS_3_080,17.0,16.736504999994683,snap_only,"SARIMAX (1, 1, 1)(0, 1, 1, 7) - FOODS_3_080",0.26349500000531734,0.26349500000531734,1.5499705882665726
2016-04-13,FOODS_3_080,17.0,16.504437161028893,snap_only,"SARIMAX (1, 1, 1)(0, 1, 1, 7) - FOODS_3_080",0.4955628389711073,0.4955628389711073,2.9150755233594547
2016-04-14,FOODS_3_080,10.0,17.23080469139762,snap_only,"SARIMAX (1, 1, 1)(0, 1, 1, 7) - FOODS_3_080",-7.230804691397619,7.230804691397619,72.30804691397618
2016-04-15,FOODS_3_080,16.0,19.919440404668144,snap_only,"SARIMAX (1, 1, 1)(0, 1, 1, 7) - FOODS_3_080",-3.919440404668144,3.919440404668144,24.4965025291759
2016-04-16,FOODS_3_080,23.0,25.045657359985857,snap_only,"SARIMAX (1, 1, 1)(0, 1, 1, 7) - FOODS_3_080",-2.0456573599858565,2.0456573599858565,8.894162434721116
2016-04-17,FOODS_3_080,23.0,22.864624363789215,snap_only,"SARIMAX (1, 1, 1)(0, 1, 1, 7) - FOODS_3_080",0.1353756362107852,0.1353756362107852,0.5885897226555877
2016-04-18,FOODS_3_080,15.0,17.248103355539254,snap_only,"SARIMAX (1, 1, 1)(0, 1, 1, 7) - FOODS_3_080",-2.2481033555392536,2.2481033555392536,14.987355703595023
2016-04-19,FOODS_3_080,12.0,16.76448732338254,snap_only,"SARIMAX (1, 1, 1)(0, 1, 1, 7) - FOODS_3_080",-4.764487323382539,4.764487323382539,39.70406102818782
2016-04-20,FOODS_3_080,30.0,16.532419484416746,snap_only,"SARIMAX (1, 1, 1)(0, 1, 1, 7) - FOODS_3_080",13.467580515583254,13.467580515583254,44.89193505194418
2016-04-21,FOODS_3_080,13.0,17.258787014785476,snap_only,"SARIMAX (1, 1, 1)(0, 1, 1, 7) - FOODS_3_080",-4.258787014785476,4.258787014785476,32.75990011373443
2016-04-22,FOODS_3_080,10.0,19.947422728056,snap_only,"SARIMAX (1, 1, 1)(0, 1, 1, 7) - FOODS_3_080",-9.947422728056,9.947422728056,99.47422728056002
2016-04-23,FOODS_3_080,25.0,25.073639683373713,snap_only,"SARIMAX (1, 1, 1)(0, 1, 1, 7) - FOODS_3_080",-0.07363968337371318,0.07363968337371318,0.29455873349485273
2016-04-24,FOODS_3_080,25.0,22.89260668717707,snap_only,"SARIMAX (1, 1, 1)(0, 1, 1, 7) - FOODS_3_080",2.1073933128229285,2.1073933128229285,8.429573251291714
2016-03-28,FOODS_3_090,25.0,72.90273777395757,snap_weekday_month_event,"Calendar SARIMAX (1, 1, 1)(0, 1, 1, 7) - FOODS_3_090",-47.90273777395757,47.90273777395757,191.61095109583027
2016-03-29,FOODS_3_090,47.0,58.41557189832159,snap_weekday_month_event,"Calendar SARIMAX (1, 1, 1)(0, 1, 1, 7) - FOODS_3_090",-11.415571898321588,11.415571898321588,24.28845084749274
2016-03-30,FOODS_3_090,23.0,59.631462243924744,snap_weekday_month_event,"Calendar SARIMAX (1, 1, 1)(0, 1, 1, 7) - FOODS_3_090",-36.631462243924744,36.631462243924744,159.2672271474989
2016-03-31,FOODS_3_090,21.0,57.976623219320686,snap_weekday_month_event,"Calendar SARIMAX (1, 1, 1)(0, 1, 1, 7) - FOODS_3_090",-36.976623219320686,36.976623219320686,176.07915818724135
2016-04-01,FOODS_3_090,72.0,64.45283067271191,snap_weekday_month_event,"Calendar SARIMAX (1, 1, 1)(0, 1, 1, 7) - FOODS_3_090",7.547169327288088,7.547169327288088,10.482179621233456
2016-04-02,FOODS_3_090,58.0,78.52553325608272,snap_weekday_month_event,"Calendar SARIMAX (1, 1, 1)(0, 1, 1, 7) - FOODS_3_090",-20.525533256082724,20.525533256082724,35.38885044152194
2016-04-03,FOODS_3_090,54.0,70.03156667315127,snap_weekday_month_event,"Calendar SARIMAX (1, 1, 1)(0, 1, 1, 7) - FOODS_3_090",-16.031566673151275,16.031566673151275,29.68808643176162
2016-04-04,FOODS_3_090,42.0,52.53837287108254,snap_weekday_month_event,"Calendar SARIMAX (1, 1, 1)(0, 1, 1, 7) - FOODS_3_090",-10.538372871082537,10.538372871082537,25.091363978767944
2016-04-05,FOODS_3_090,29.0,45.66779418130268,snap_weekday_month_event,"Calendar SARIMAX (1, 1, 1)(0, 1, 1, 7) - FOODS_3_090",-16.667794181302682,16.667794181302682,57.47515234931959
2016-04-06,FOODS_3_090,53.0,49.72232383395193,snap_weekday_month_event,"Calendar SARIMAX (1, 1, 1)(0, 1, 1, 7) - FOODS_3_090",3.2776761660480673,3.2776761660480673,6.184294652920882
2016-04-07,FOODS_3_090,39.0,49.12542229747516,snap_weekday_month_event,"Calendar SARIMAX (1, 1, 1)(0, 1, 1, 7) - FOODS_3_090",-10.125422297475161,10.125422297475161,25.962621275577334
2016-04-08,FOODS_3_090,42.0,64.9828096591192,snap_weekday_month_event,"Calendar SARIMAX (1, 1, 1)(0, 1, 1, 7) - FOODS_3_090",-22.982809659119198,22.982809659119198,54.72097537885523
2016-04-09,FOODS_3_090,83.0,79.20245886063724,snap_weekday_month_event,"Calendar SARIMAX (1, 1, 1)(0, 1, 1, 7) - FOODS_3_090",3.797541139362764,3.797541139362764,4.575350770316583
2016-04-10,FOODS_3_090,83.0,70.7632580719036,snap_weekday_month_event,"Calendar SARIMAX (1, 1, 1)(0, 1, 1, 7) - FOODS_3_090",12.236741928096393,12.236741928096393,14.743062563971558
2016-04-11,FOODS_3_090,48.0,55.193758090827274,snap_weekday_month_event,"Calendar SARIMAX (1, 1, 1)(0, 1, 1, 7) - FOODS_3_090",-7.193758090827274,7.193758090827274,14.98699602255682
2016-04-12,FOODS_3_090,26.0,48.33078632332575,snap_weekday_month_event,"Calendar SARIMAX (1, 1, 1)(0, 1, 1, 7) - FOODS_3_090",-22.330786323325754,22.330786323325754,85.88763970509905
2016-04-13,FOODS_3_090,41.0,52.38815101325061,snap_weekday_month_event,"Calendar SARIMAX (1, 1, 1)(0, 1, 1, 7) - FOODS_3_090",-11.388151013250607,11.388151013250607,27.77597808109904
2016-04-14,FOODS_3_090,44.0,51.79230607181452,snap_weekday_month_event,"Calendar SARIMAX (1, 1, 1)(0, 1, 1, 7) - FOODS_3_090",-7.792306071814522,7.792306071814522,17.709786526851186
2016-04-15,FOODS_3_090,47.0,67.65008721772715,snap_weekday_month_event,"Calendar SARIMAX (1, 1, 1)(0, 1, 1, 7) - FOODS_3_090",-20.650087217727148,20.650087217727148,43.93635578239818
2016-04-16,FOODS_3_090,82.0,81.86988317939851,snap_weekday_month_event,"Calendar SARIMAX (1, 1, 1)(0, 1, 1, 7) - FOODS_3_090",0.13011682060148644,0.13011682060148644,0.15867904951400785
2016-04-17,FOODS_3_090,83.0,73.43073708696518,snap_weekday_month_event,"Calendar SARIMAX (1, 1, 1)(0, 1, 1, 7) - FOODS_3_090",9.56926291303482,9.56926291303482,11.529232425343155
2016-04-18,FOODS_3_090,30.0,55.95797443015378,snap_weekday_month_event,"Calendar SARIMAX (1, 1, 1)(0, 1, 1, 7) - FOODS_3_090",-25.957974430153783,25.957974430153783,86.52658143384593
2016-04-19,FOODS_3_090,45.0,49.09501025992191,snap_weekday_month_event,"Calendar SARIMAX (1, 1, 1)(0, 1, 1, 7) - FOODS_3_090",-4.0950102599219065,4.0950102599219065,9.100022799826458
2016-04-20,FOODS_3_090,29.0,53.15237778128658,snap_weekday_month_event,"Calendar SARIMAX (1, 1, 1)(0, 1, 1, 7) - FOODS_3_090",-24.15237778128658,24.15237778128658,83.28406131478133
2016-04-21,FOODS_3_090,53.0,52.55653389510479,snap_weekday_month_event,"Calendar SARIMAX (1, 1, 1)(0, 1, 1, 7) - FOODS_3_090",0.443466104895208,0.443466104895208,0.8367284998022793
2016-04-22,FOODS_3_090,87.0,68.414315434302,snap_weekday_month_event,"Calendar SARIMAX (1, 1, 1)(0, 1, 1, 7) - FOODS_3_090",18.585684565698003,18.585684565698003,21.362855822641382
2016-04-23,FOODS_3_090,95.0,82.6341115425473,snap_weekday_month_event,"Calendar SARIMAX (1, 1, 1)(0, 1, 1, 7) - FOODS_3_090",12.365888457452698,12.365888457452698,13.01672469205547
2016-04-24,FOODS_3_090,42.0,74.19496550474086,snap_weekday_month_event,"Calendar SARIMAX (1, 1, 1)(0, 1, 1, 7) - FOODS_3_090",-32.194965504740864,32.194965504740864,76.65467977319254
2016-03-28,FOODS_3_120,34.0,40.742446174220134,snap_only,"SARIMAX (1, 1, 1)(1, 1, 1, 7) - FOODS_3_120",-6.7424461742201345,6.7424461742201345,19.830724041823924
2016-03-29,FOODS_3_120,62.0,34.33845574441912,snap_only,"SARIMAX (1, 1, 1)(1, 1, 1, 7) - FOODS_3_120",27.66154425558088,27.66154425558088,44.61539396061432
2016-03-30,FOODS_3_120,21.0,39.179294132952144,snap_only,"SARIMAX (1, 1, 1)(1, 1, 1, 7) - FOODS_3_120",-18.179294132952144,18.179294132952144,86.56806729977211
2016-03-31,FOODS_3_120,29.0,37.739573359835404,snap_only,"SARIMAX (1, 1, 1)(1, 1, 1, 7) - FOODS_3_120",-8.739573359835404,8.739573359835404,30.13645986150139
2016-04-01,FOODS_3_120,44.0,41.264215248086465,snap_only,"SARIMAX (1, 1, 1)(1, 1, 1, 7) - FOODS_3_120",2.7357847519135348,2.7357847519135348,6.217692617985306
2016-04-02,FOODS_3_120,109.0,59.15999864722037,snap_only,"SARIMAX (1, 1, 1)(1, 1, 1, 7) - FOODS_3_120",49.84000135277963,49.84000135277963,45.72477188328406
2016-04-03,FOODS_3_120,126.0,61.314264059688504,snap_only,"SARIMAX (1, 1, 1)(1, 1, 1, 7) - FOODS_3_120",64.6857359403115,64.6857359403115,51.3378856669139
2016-04-04,FOODS_3_120,24.0,44.802412533938515,snap_only,"SARIMAX (1, 1, 1)(1, 1, 1, 7) - FOODS_3_120",-20.802412533938515,20.802412533938515,86.67671889141047
2016-04-05,FOODS_3_120,0.0,40.28582361003486,snap_only,"SARIMAX (1, 1, 1)(1, 1, 1, 7) - FOODS_3_120",-40.28582361003486,40.28582361003486,
2016-04-06,FOODS_3_120,0.0,42.704545366006904,snap_only,"SARIMAX (1, 1, 1)(1, 1, 1, 7) - FOODS_3_120",-42.704545366006904,42.704545366006904,
2016-04-07,FOODS_3_120,0.0,40.02562304806694,snap_only,"SARIMAX (1, 1, 1)(1, 1, 1, 7) - FOODS_3_120",-40.02562304806694,40.02562304806694,
2016-04-08,FOODS_3_120,58.0,41.66351775056458,snap_only,"SARIMAX (1, 1, 1)(1, 1, 1, 7) - FOODS_3_120",16.33648224943542,16.33648224943542,28.166348705923138
2016-04-09,FOODS_3_120,55.0,56.65121953000497,snap_only,"SARIMAX (1, 1, 1)(1, 1, 1, 7) - FOODS_3_120",-1.6512195300049726,1.6512195300049726,3.0022173272817683
2016-04-10,FOODS_3_120,0.0,60.58367215221468,snap_only,"SARIMAX (1, 1, 1)(1, 1, 1, 7) - FOODS_3_120",-60.58367215221468,60.58367215221468,
2016-04-11,FOODS_3_120,2.0,42.954747206591854,snap_only,"SARIMAX (1, 1, 1)(1, 1, 1, 7) - FOODS_3_120",-40.954747206591854,40.954747206591854,2047.7373603295928
2016-04-12,FOODS_3_120,0.0,38.63376731898224,snap_only,"SARIMAX (1, 1, 1)(1, 1, 1, 7) - FOODS_3_120",-38.63376731898224,38.63376731898224,
2016-04-13,FOODS_3_120,0.0,40.80157060558838,snap_only,"SARIMAX (1, 1, 1)(1, 1, 1, 7) - FOODS_3_120",-40.80157060558838,40.80157060558838,
2016-04-14,FOODS_3_120,38.0,37.99426901827087,snap_only,"SARIMAX (1, 1, 1)(1, 1, 1, 7) - FOODS_3_120",0.00573098172912978,0.00573098172912978,0.015081530866131003
2016-04-15,FOODS_3_120,60.0,39.67852391890553,snap_only,"SARIMAX (1, 1, 1)(1, 1, 1, 7) - FOODS_3_120",20.321476081094467,20.321476081094467,33.86912680182411
2016-04-16,FOODS_3_120,52.0,54.364941713386266,snap_only,"SARIMAX (1, 1, 1)(1, 1, 1, 7) - FOODS_3_120",-2.3649417133862656,2.3649417133862656,4.547964833435126
2016-04-17,FOODS_3_120,56.0,58.48161896540148,snap_only,"SARIMAX (1, 1, 1)(1, 1, 1, 7) - FOODS_3_120",-2.4816189654014806,2.4816189654014806,4.43146243821693
2016-04-18,FOODS_3_120,6.0,43.313008820493685,snap_only,"SARIMAX (1, 1, 1)(1, 1, 1, 7) - FOODS_3_120",-37.313008820493685,37.313008820493685,621.8834803415614
2016-04-19,FOODS_3_120,43.0,39.012294513211806,snap_only,"SARIMAX (1, 1, 1)(1, 1, 1, 7) - FOODS_3_120",3.987705486788194,3.987705486788194,9.273733690205102
2016-04-20,FOODS_3_120,48.0,41.15410203629086,snap_only,"SARIMAX (1, 1, 1)(1, 1, 1, 7) - FOODS_3_120",6.845897963709142,6.845897963709142,14.262287424394046
2016-04-21,FOODS_3_120,47.0,38.33350004405407,snap_only,"SARIMAX (1, 1, 1)(1, 1, 1, 7) - FOODS_3_120",8.66649995594593,8.66649995594593,18.439361608395597
2016-04-22,FOODS_3_120,39.0,40.022557974427635,snap_only,"SARIMAX (1, 1, 1)(1, 1, 1, 7) - FOODS_3_120",-1.0225579744276345,1.0225579744276345,2.621943524173422
2016-04-23,FOODS_3_120,59.0,54.67776201325862,snap_only,"SARIMAX (1, 1, 1)(1, 1, 1, 7) - FOODS_3_120",4.322237986741378,4.322237986741378,7.325827096171827
2016-04-24,FOODS_3_120,59.0,58.813525386263564,snap_only,"SARIMAX (1, 1, 1)(1, 1, 1, 7) - FOODS_3_120",0.18647461373643637,0.18647461373643637,0.31605866734989213
2016-03-28,FOODS_3_252,24.0,27.46455007309075,snap_only,"SARIMAX (1, 1, 1)(1, 1, 1, 7) - FOODS_3_252",-3.4645500730907486,3.4645500730907486,14.435625304544786
2016-03-29,FOODS_3_252,28.0,23.588263593528566,snap_only,"SARIMAX (1, 1, 1)(1, 1, 1, 7) - FOODS_3_252",4.411736406471434,4.411736406471434,15.75620145168369
2016-03-30,FOODS_3_252,25.0,25.681876981163548,snap_only,"SARIMAX (1, 1, 1)(1, 1, 1, 7) - FOODS_3_252",-0.6818769811635477,0.6818769811635477,2.7275079246541907
2016-03-31,FOODS_3_252,26.0,26.99672441373007,snap_only,"SARIMAX (1, 1, 1)(1, 1, 1, 7) - FOODS_3_252",-0.996724413730071,0.996724413730071,3.83355543742335
2016-04-01,FOODS_3_252,45.0,38.56777707465841,snap_only,"SARIMAX (1, 1, 1)(1, 1, 1, 7) - FOODS_3_252",6.432222925341591,6.432222925341591,14.293828722981313
2016-04-02,FOODS_3_252,68.0,55.504633262925296,snap_only,"SARIMAX (1, 1, 1)(1, 1, 1, 7) - FOODS_3_252",12.495366737074704,12.495366737074704,18.375539319227506
2016-04-03,FOODS_3_252,52.0,53.30217705303083,snap_only,"SARIMAX (1, 1, 1)(1, 1, 1, 7) - FOODS_3_252",-1.3021770530308316,1.3021770530308316,2.504186640443907
2016-04-04,FOODS_3_252,33.0,29.426781647362258,snap_only,"SARIMAX (1, 1, 1)(1, 1, 1, 7) - FOODS_3_252",3.573218352637742,3.573218352637742,10.827934401932552
2016-04-05,FOODS_3_252,32.0,25.69595453189634,snap_only,"SARIMAX (1, 1, 1)(1, 1, 1, 7) - FOODS_3_252",6.304045468103659,6.304045468103659,19.700142087823934
2016-04-06,FOODS_3_252,34.0,26.723657730280582,snap_only,"SARIMAX (1, 1, 1)(1, 1, 1, 7) - FOODS_3_252",7.276342269719418,7.276342269719418,21.40100667564535
2016-04-07,FOODS_3_252,40.0,28.6238063254003,snap_only,"SARIMAX (1, 1, 1)(1, 1, 1, 7) - FOODS_3_252",11.376193674599701,11.376193674599701,28.440484186499255
2016-04-08,FOODS_3_252,45.0,38.028694976867314,snap_only,"SARIMAX (1, 1, 1)(1, 1, 1, 7) - FOODS_3_252",6.971305023132686,6.971305023132686,15.491788940294857
2016-04-09,FOODS_3_252,59.0,54.139151772809896,snap_only,"SARIMAX (1, 1, 1)(1, 1, 1, 7) - FOODS_3_252",4.860848227190104,4.860848227190104,8.238725808796787
2016-04-10,FOODS_3_252,37.0,53.197074118293784,snap_only,"SARIMAX (1, 1, 1)(1, 1, 1, 7) - FOODS_3_252",-16.197074118293784,16.197074118293784,43.77587599538861
2016-04-11,FOODS_3_252,32.0,28.01452598119985,snap_only,"SARIMAX (1, 1, 1)(1, 1, 1, 7) - FOODS_3_252",3.9854740188001507,3.9854740188001507,12.45460630875047
2016-04-12,FOODS_3_252,18.0,24.294681743645278,snap_only,"SARIMAX (1, 1, 1)(1, 1, 1, 7) - FOODS_3_252",-6.2946817436452775,6.2946817436452775,34.97045413136266
2016-04-13,FOODS_3_252,37.0,25.24248554887062,snap_only,"SARIMAX (1, 1, 1)(1, 1, 1, 7) - FOODS_3_252",11.757514451129381,11.757514451129381,31.777066084133466
2016-04-14,FOODS_3_252,27.0,27.1865262829402,snap_only,"SARIMAX (1, 1, 1)(1, 1, 1, 7) - FOODS_3_252",-0.1865262829401999,0.1865262829401999,0.6908380849637034
2016-04-15,FOODS_3_252,23.0,36.54198282995047,snap_only,"SARIMAX (1, 1, 1)(1, 1, 1, 7) - FOODS_3_252",-13.54198282995047,13.54198282995047,58.87818621717595
2016-04-16,FOODS_3_252,57.0,52.590477018453484,snap_only,"SARIMAX (1, 1, 1)(1, 1, 1, 7) - FOODS_3_252",4.409522981546516,4.409522981546516,7.736005230783362
2016-04-17,FOODS_3_252,49.0,51.74290228847648,snap_only,"SARIMAX (1, 1, 1)(1, 1, 1, 7) - FOODS_3_252",-2.742902288476479,2.742902288476479,5.597759772400978
2016-04-18,FOODS_3_252,21.0,28.08219415257577,snap_only,"SARIMAX (1, 1, 1)(1, 1, 1, 7) - FOODS_3_252",-7.08219415257577,7.08219415257577,33.72473405988462
2016-04-19,FOODS_3_252,46.0,24.363173420943617,snap_only,"SARIMAX (1, 1, 1)(1, 1, 1, 7) - FOODS_3_252",21.636826579056383,21.636826579056383,47.03657951968779
2016-04-20,FOODS_3_252,24.0,25.304986400051977,snap_only,"SARIMAX (1, 1, 1)(1, 1, 1, 7) - FOODS_3_252",-1.3049864000519769,1.3049864000519769,5.437443333549904
2016-04-21,FOODS_3_252,35.0,27.252318153275848,snap_only,"SARIMAX (1, 1, 1)(1, 1, 1, 7) - FOODS_3_252",7.747681846724152,7.747681846724152,22.136233847783295
2016-04-22,FOODS_3_252,33.0,36.60406829781359,snap_only,"SARIMAX (1, 1, 1)(1, 1, 1, 7) - FOODS_3_252",-3.6040682978135905,3.6040682978135905,10.921419084283608
2016-04-23,FOODS_3_252,49.0,52.64791655065244,snap_only,"SARIMAX (1, 1, 1)(1, 1, 1, 7) - FOODS_3_252",-3.6479165506524396,3.6479165506524396,7.444727654392734
2016-04-24,FOODS_3_252,52.0,51.80742761864885,snap_only,"SARIMAX (1, 1, 1)(1, 1, 1, 7) - FOODS_3_252",0.19257238135114818,0.19257238135114818,0.3703315025983619
2016-03-28,FOODS_3_555,19.0,15.970723638465465,snap_only,"SARIMAX (0, 1, 1)(1, 1, 1, 7) - FOODS_3_555",3.029276361534535,3.029276361534535,15.943559797550186
2016-03-29,FOODS_3_555,19.0,13.045376834876091,snap_only,"SARIMAX (0, 1, 1)(1, 1, 1, 7) - FOODS_3_555",5.954623165123909,5.954623165123909,31.34012192170478
2016-03-30,FOODS_3_555,16.0,13.664280121521069,snap_only,"SARIMAX (0, 1, 1)(1, 1, 1, 7) - FOODS_3_555",2.3357198784789315,2.3357198784789315,14.598249240493322
2016-03-31,FOODS_3_555,12.0,14.199049295697705,snap_only,"SARIMAX (0, 1, 1)(1, 1, 1, 7) - FOODS_3_555",-2.199049295697705,2.199049295697705,18.325410797480878
2016-04-01,FOODS_3_555,19.0,19.58660771679,snap_only,"SARIMAX (0, 1, 1)(1, 1, 1, 7) - FOODS_3_555",-0.5866077167899988,0.5866077167899988,3.087409035736836
2016-04-02,FOODS_3_555,30.0,25.39264485146038,snap_only,"SARIMAX (0, 1, 1)(1, 1, 1, 7) - FOODS_3_555",4.607355148539622,4.607355148539622,15.357850495132071
2016-04-03,FOODS_3_555,30.0,27.81683313753438,snap_only,"SARIMAX (0, 1, 1)(1, 1, 1, 7) - FOODS_3_555",2.183166862465619,2.183166862465619,7.277222874885396
2016-04-04,FOODS_3_555,16.0,17.65672278072284,snap_only,"SARIMAX (0, 1, 1)(1, 1, 1, 7) - FOODS_3_555",-1.6567227807228413,1.6567227807228413,10.354517379517759
2016-04-05,FOODS_3_555,21.0,15.254987726544062,snap_only,"SARIMAX (0, 1, 1)(1, 1, 1, 7) - FOODS_3_555",5.745012273455938,5.745012273455938,27.35720130217113
2016-04-06,FOODS_3_555,17.0,15.686777114658527,snap_only,"SARIMAX (0, 1, 1)(1, 1, 1, 7) - FOODS_3_555",1.3132228853414727,1.3132228853414727,7.7248405020086635
2016-04-07,FOODS_3_555,13.0,16.280903464132514,snap_only,"SARIMAX (0, 1, 1)(1, 1, 1, 7) - FOODS_3_555",-3.280903464132514,3.280903464132514,25.237718954865496
2016-04-08,FOODS_3_555,14.0,19.802130284807667,snap_only,"SARIMAX (0, 1, 1)(1, 1, 1, 7) - FOODS_3_555",-5.802130284807667,5.802130284807667,41.44378774862619
2016-04-09,FOODS_3_555,33.0,25.453983102980402,snap_only,"SARIMAX (0, 1, 1)(1, 1, 1, 7) - FOODS_3_555",7.546016897019598,7.546016897019598,22.866717869756357
2016-04-10,FOODS_3_555,26.0,27.61792456410421,snap_only,"SARIMAX (0, 1, 1)(1, 1, 1, 7) - FOODS_3_555",-1.6179245641042108,1.6179245641042108,6.222786785016195
2016-04-11,FOODS_3_555,18.0,15.77912084527804,snap_only,"SARIMAX (0, 1, 1)(1, 1, 1, 7) - FOODS_3_555",2.2208791547219597,2.2208791547219597,12.33821752623311
2016-04-12,FOODS_3_555,14.0,13.356174038077306,snap_only,"SARIMAX (0, 1, 1)(1, 1, 1, 7) - FOODS_3_555",0.643825961922694,0.643825961922694,4.598756870876386
2016-04-13,FOODS_3_555,15.0,13.795543496362221,snap_only,"SARIMAX (0, 1, 1)(1, 1, 1, 7) - FOODS_3_555",1.204456503637779,1.204456503637779,8.02971002425186
2016-04-14,FOODS_3_555,12.0,14.387265259338854,snap_only,"SARIMAX (0, 1, 1)(1, 1, 1, 7) - FOODS_3_555",-2.3872652593388537,2.3872652593388537,19.893877161157114
2016-04-15,FOODS_3_555,10.0,17.90767319310915,snap_only,"SARIMAX (0, 1, 1)(1, 1, 1, 7) - FOODS_3_555",-7.907673193109151,7.907673193109151,79.0767319310915
2016-04-16,FOODS_3_555,32.0,23.565772088924508,snap_only,"SARIMAX (0, 1, 1)(1, 1, 1, 7) - FOODS_3_555",8.434227911075492,8.434227911075492,26.356962222110912
2016-04-17,FOODS_3_555,26.0,25.740256268735983,snap_only,"SARIMAX (0, 1, 1)(1, 1, 1, 7) - FOODS_3_555",0.25974373126401673,0.25974373126401673,0.999014351015449
2016-04-18,FOODS_3_555,13.0,15.779578160812502,snap_only,"SARIMAX (0, 1, 1)(1, 1, 1, 7) - FOODS_3_555",-2.779578160812502,2.779578160812502,21.38137046778848
2016-04-19,FOODS_3_555,21.0,13.357490651491869,snap_only,"SARIMAX (0, 1, 1)(1, 1, 1, 7) - FOODS_3_555",7.642509348508131,7.642509348508131,36.39290165956253
2016-04-20,FOODS_3_555,15.0,13.796553037644566,snap_only,"SARIMAX (0, 1, 1)(1, 1, 1, 7) - FOODS_3_555",1.203446962355434,1.203446962355434,8.022979749036226
2016-04-21,FOODS_3_555,14.0,14.388372211527198,snap_only,"SARIMAX (0, 1, 1)(1, 1, 1, 7) - FOODS_3_555",-0.3883722115271979,0.3883722115271979,2.774087225194271
2016-04-22,FOODS_3_555,14.0,17.908813318783,snap_only,"SARIMAX (0, 1, 1)(1, 1, 1, 7) - FOODS_3_555",-3.9088133187830003,3.9088133187830003,27.920095134164285
2016-04-23,FOODS_3_555,23.0,23.566659183117565,snap_only,"SARIMAX (0, 1, 1)(1, 1, 1, 7) - FOODS_3_555",-0.5666591831175651,0.5666591831175651,2.463735578772022
2016-04-24,FOODS_3_555,24.0,25.740716272541487,snap_only,"SARIMAX (0, 1, 1)(1, 1, 1, 7) - FOODS_3_555",-1.740716272541487,1.740716272541487,7.252984468922863
2016-03-28,FOODS_3_586,27.0,34.466766432363904,snap_only,"SARIMAX (1, 1, 1)(0, 1, 1, 7) - FOODS_3_586",-7.4667664323639045,7.4667664323639045,27.654690490236682
2016-03-29,FOODS_3_586,32.0,30.127590389902046,snap_only,"SARIMAX (1, 1, 1)(0, 1, 1, 7) - FOODS_3_586",1.8724096100979537,1.8724096100979537,5.851280031556105
2016-03-30,FOODS_3_586,26.0,30.5325285141094,snap_only,"SARIMAX (1, 1, 1)(0, 1, 1, 7) - FOODS_3_586",-4.532528514109401,4.532528514109401,17.43280197734385
2016-03-31,FOODS_3_586,28.0,32.40514019988989,snap_only,"SARIMAX (1, 1, 1)(0, 1, 1, 7) - FOODS_3_586",-4.4051401998898925,4.4051401998898925,15.732643571035329
2016-04-01,FOODS_3_586,36.0,41.47730681792338,snap_only,"SARIMAX (1, 1, 1)(0, 1, 1, 7) - FOODS_3_586",-5.4773068179233775,5.4773068179233775,15.21474116089827
2016-04-02,FOODS_3_586,65.0,54.16965509787053,snap_only,"SARIMAX (1, 1, 1)(0, 1, 1, 7) - FOODS_3_586",10.830344902129468,10.830344902129468,16.66206908019918
2016-04-03,FOODS_3_586,54.0,59.277780285762326,snap_only,"SARIMAX (1, 1, 1)(0, 1, 1, 7) - FOODS_3_586",-5.277780285762326,5.277780285762326,9.77366719585616
2016-04-04,FOODS_3_586,30.0,37.03007085591892,snap_only,"SARIMAX (1, 1, 1)(0, 1, 1, 7) - FOODS_3_586",-7.030070855918922,7.030070855918922,23.433569519729737
2016-04-05,FOODS_3_586,37.0,33.61396517114687,snap_only,"SARIMAX (1, 1, 1)(0, 1, 1, 7) - FOODS_3_586",3.386034828853127,3.386034828853127,9.15144548338683
2016-04-06,FOODS_3_586,27.0,34.154462218773595,snap_only,"SARIMAX (1, 1, 1)(0, 1, 1, 7) - FOODS_3_586",-7.154462218773595,7.154462218773595,26.49800821767998
2016-04-07,FOODS_3_586,35.0,36.04698161967627,snap_only,"SARIMAX (1, 1, 1)(0, 1, 1, 7) - FOODS_3_586",-1.0469816196762665,1.0469816196762665,2.991376056217904
2016-04-08,FOODS_3_586,41.0,41.429961699554795,snap_only,"SARIMAX (1, 1, 1)(0, 1, 1, 7) - FOODS_3_586",-0.429961699554795,0.429961699554795,1.048687072084866
2016-04-09,FOODS_3_586,60.0,54.12273932610384,snap_only,"SARIMAX (1, 1, 1)(0, 1, 1, 7) - FOODS_3_586",5.87726067389616,5.87726067389616,9.7954344564936
2016-04-10,FOODS_3_586,48.0,59.230927566354154,snap_only,"SARIMAX (1, 1, 1)(0, 1, 1, 7) - FOODS_3_586",-11.230927566354154,11.230927566354154,23.39776576323782
2016-04-11,FOODS_3_586,36.0,33.29111727974785,snap_only,"SARIMAX (1, 1, 1)(0, 1, 1, 7) - FOODS_3_586",2.7088827202521486,2.7088827202521486,7.524674222922635
2016-04-12,FOODS_3_586,29.0,29.875012954816235,snap_only,"SARIMAX (1, 1, 1)(0, 1, 1, 7) - FOODS_3_586",-0.8750129548162349,0.8750129548162349,3.017286051090465
2016-04-13,FOODS_3_586,20.0,30.41551020214442,snap_only,"SARIMAX (1, 1, 1)(0, 1, 1, 7) - FOODS_3_586",-10.415510202144421,10.415510202144421,52.07755101072211
2016-04-14,FOODS_3_586,43.0,32.308029632374556,snap_only,"SARIMAX (1, 1, 1)(0, 1, 1, 7) - FOODS_3_586",10.691970367625444,10.691970367625444,24.8650473665708
2016-04-15,FOODS_3_586,32.0,37.69100971656002,snap_only,"SARIMAX (1, 1, 1)(0, 1, 1, 7) - FOODS_3_586",-5.691009716560018,5.691009716560018,17.784405364250055
2016-04-16,FOODS_3_586,37.0,50.38378734374157,snap_only,"SARIMAX (1, 1, 1)(0, 1, 1, 7) - FOODS_3_586",-13.383787343741567,13.383787343741567,36.17239822632855
2016-04-17,FOODS_3_586,64.0,55.49197558408476,snap_only,"SARIMAX (1, 1, 1)(0, 1, 1, 7) - FOODS_3_586",8.508024415915237,8.508024415915237,13.293788149867558
2016-04-18,FOODS_3_586,30.0,33.24427541390652,snap_only,"SARIMAX (1, 1, 1)(0, 1, 1, 7) - FOODS_3_586",-3.2442754139065215,3.2442754139065215,10.814251379688406
2016-04-19,FOODS_3_586,40.0,29.828171088976905,snap_only,"SARIMAX (1, 1, 1)(0, 1, 1, 7) - FOODS_3_586",10.171828911023095,10.171828911023095,25.42957227755774
2016-04-20,FOODS_3_586,31.0,30.368668336305387,snap_only,"SARIMAX (1, 1, 1)(0, 1, 1, 7) - FOODS_3_586",0.6313316636946134,0.6313316636946134,2.036553753853591
2016-04-21,FOODS_3_586,45.0,32.26118776653556,snap_only,"SARIMAX (1, 1, 1)(0, 1, 1, 7) - FOODS_3_586",12.738812233464436,12.738812233464436,28.308471629920973
2016-04-22,FOODS_3_586,28.0,37.64416785072103,snap_only,"SARIMAX (1, 1, 1)(0, 1, 1, 7) - FOODS_3_586",-9.644167850721033,9.644167850721033,34.44345660971798
2016-04-23,FOODS_3_586,40.0,50.33694547790258,snap_only,"SARIMAX (1, 1, 1)(0, 1, 1, 7) - FOODS_3_586",-10.336945477902582,10.336945477902582,25.842363694756454
2016-04-24,FOODS_3_586,54.0,55.44513371824578,snap_only,"SARIMAX (1, 1, 1)(0, 1, 1, 7) - FOODS_3_586",-1.4451337182457777,1.4451337182457777,2.6761735523069956
2016-03-28,FOODS_3_587,38.0,42.29446196839463,snap_only,"SARIMAX (1, 1, 1)(1, 1, 1, 7) - FOODS_3_587",-4.294461968394629,4.294461968394629,11.301215706301655
2016-03-29,FOODS_3_587,26.0,34.99893548187934,snap_only,"SARIMAX (1, 1, 1)(1, 1, 1, 7) - FOODS_3_587",-8.998935481879343,8.998935481879343,34.61129031492055
2016-03-30,FOODS_3_587,25.0,35.13749626145621,snap_only,"SARIMAX (1, 1, 1)(1, 1, 1, 7) - FOODS_3_587",-10.137496261456207,10.137496261456207,40.549985045824826
2016-03-31,FOODS_3_587,15.0,32.94952369824482,snap_only,"SARIMAX (1, 1, 1)(1, 1, 1, 7) - FOODS_3_587",-17.949523698244818,17.949523698244818,119.66349132163212
2016-04-01,FOODS_3_587,15.0,38.47624307503113,snap_only,"SARIMAX (1, 1, 1)(1, 1, 1, 7) - FOODS_3_587",-23.476243075031128,23.476243075031128,156.5082871668742
2016-04-02,FOODS_3_587,27.0,46.20278205765329,snap_only,"SARIMAX (1, 1, 1)(1, 1, 1, 7) - FOODS_3_587",-19.202782057653287,19.202782057653287,71.12141502834551
2016-04-03,FOODS_3_587,29.0,48.79211613124151,snap_only,"SARIMAX (1, 1, 1)(1, 1, 1, 7) - FOODS_3_587",-19.792116131241507,19.792116131241507,68.24867631462588
2016-04-04,FOODS_3_587,23.0,44.1624173577149,snap_only,"SARIMAX (1, 1, 1)(1, 1, 1, 7) - FOODS_3_587",-21.1624173577149,21.1624173577149,92.01051025093435
2016-04-05,FOODS_3_587,21.0,38.53694939836078,snap_only,"SARIMAX (1, 1, 1)(1, 1, 1, 7) - FOODS_3_587",-17.536949398360782,17.536949398360782,83.50928284933707
2016-04-06,FOODS_3_587,21.0,39.20765665595869,snap_only,"SARIMAX (1, 1, 1)(1, 1, 1, 7) - FOODS_3_587",-18.207656655958687,18.207656655958687,86.7031269331366
2016-04-07,FOODS_3_587,16.0,36.69456922993726,snap_only,"SARIMAX (1, 1, 1)(1, 1, 1, 7) - FOODS_3_587",-20.694569229937258,20.694569229937258,129.34105768710788
2016-04-08,FOODS_3_587,22.0,38.76364436583846,snap_only,"SARIMAX (1, 1, 1)(1, 1, 1, 7) - FOODS_3_587",-16.76364436583846,16.76364436583846,76.19838348108391
2016-04-09,FOODS_3_587,24.0,46.96813735820482,snap_only,"SARIMAX (1, 1, 1)(1, 1, 1, 7) - FOODS_3_587",-22.96813735820482,22.96813735820482,95.70057232585341
2016-04-10,FOODS_3_587,43.0,49.108756621761295,snap_only,"SARIMAX (1, 1, 1)(1, 1, 1, 7) - FOODS_3_587",-6.1087566217612945,6.1087566217612945,14.20641074828208
2016-04-11,FOODS_3_587,33.0,41.41038700446674,snap_only,"SARIMAX (1, 1, 1)(1, 1, 1, 7) - FOODS_3_587",-8.410387004466742,8.410387004466742,25.486021225656792
2016-04-12,FOODS_3_587,16.0,35.86543775642219,snap_only,"SARIMAX (1, 1, 1)(1, 1, 1, 7) - FOODS_3_587",-19.86543775642219,19.86543775642219,124.15898597763868
2016-04-13,FOODS_3_587,23.0,36.561797180990524,snap_only,"SARIMAX (1, 1, 1)(1, 1, 1, 7) - FOODS_3_587",-13.561797180990524,13.561797180990524,58.96433556952402
2016-04-14,FOODS_3_587,21.0,34.03312259364897,snap_only,"SARIMAX (1, 1, 1)(1, 1, 1, 7) - FOODS_3_587",-13.033122593648969,13.033122593648969,62.062488541185566
2016-04-15,FOODS_3_587,20.0,36.09297449660628,snap_only,"SARIMAX (1, 1, 1)(1, 1, 1, 7) - FOODS_3_587",-16.09297449660628,16.09297449660628,80.4648724830314
2016-04-16,FOODS_3_587,27.0,44.32042651834903,snap_only,"SARIMAX (1, 1, 1)(1, 1, 1, 7) - FOODS_3_587",-17.32042651834903,17.32042651834903,64.14972784573715
2016-04-17,FOODS_3_587,36.0,46.43949455334156,snap_only,"SARIMAX (1, 1, 1)(1, 1, 1, 7) - FOODS_3_587",-10.43949455334156,10.43949455334156,28.998595981504337
2016-04-18,FOODS_3_587,16.0,42.0160123594313,snap_only,"SARIMAX (1, 1, 1)(1, 1, 1, 7) - FOODS_3_587",-26.0160123594313,26.0160123594313,162.60007724644564
2016-04-19,FOODS_3_587,10.0,36.47493054526949,snap_only,"SARIMAX (1, 1, 1)(1, 1, 1, 7) - FOODS_3_587",-26.474930545269487,26.474930545269487,264.74930545269484
2016-04-20,FOODS_3_587,15.0,37.172522080669275,snap_only,"SARIMAX (1, 1, 1)(1, 1, 1, 7) - FOODS_3_587",-22.172522080669275,22.172522080669275,147.81681387112852
2016-04-21,FOODS_3_587,10.0,34.643098839962875,snap_only,"SARIMAX (1, 1, 1)(1, 1, 1, 7) - FOODS_3_587",-24.643098839962875,24.643098839962875,246.43098839962875
2016-04-22,FOODS_3_587,21.0,36.702507747876915,snap_only,"SARIMAX (1, 1, 1)(1, 1, 1, 7) - FOODS_3_587",-15.702507747876915,15.702507747876915,74.7738464184615
2016-04-23,FOODS_3_587,24.0,44.9310625055422,snap_only,"SARIMAX (1, 1, 1)(1, 1, 1, 7) - FOODS_3_587",-20.9310625055422,20.9310625055422,87.21276043975918
2016-04-24,FOODS_3_587,26.0,47.049095422922676,snap_only,"SARIMAX (1, 1, 1)(1, 1, 1, 7) - FOODS_3_587",-21.049095422922676,21.049095422922676,80.95805931893338
2016-03-28,FOODS_3_714,11.0,15.263718823777241,snap_only,"SARIMAX (1, 1, 1)(1, 1, 1, 7) - FOODS_3_714",-4.263718823777241,4.263718823777241,38.761080216156735
2016-03-29,FOODS_3_714,4.0,11.521171329424504,snap_only,"SARIMAX (1, 1, 1)(1, 1, 1, 7) - FOODS_3_714",-7.521171329424504,7.521171329424504,188.0292832356126
2016-03-30,FOODS_3_714,13.0,12.86907262462132,snap_only,"SARIMAX (1, 1, 1)(1, 1, 1, 7) - FOODS_3_714",0.13092737537868082,0.13092737537868082,1.0071336567590832
2016-03-31,FOODS_3_714,19.0,14.483308490038231,snap_only,"SARIMAX (1, 1, 1)(1, 1, 1, 7) - FOODS_3_714",4.516691509961769,4.516691509961769,23.772060578746153
2016-04-01,FOODS_3_714,29.0,21.563737525549392,snap_only,"SARIMAX (1, 1, 1)(1, 1, 1, 7) - FOODS_3_714",7.436262474450608,7.436262474450608,25.642284394657267
2016-04-02,FOODS_3_714,40.0,34.59060140097059,snap_only,"SARIMAX (1, 1, 1)(1, 1, 1, 7) - FOODS_3_714",5.409398599029409,5.409398599029409,13.523496497573523
2016-04-03,FOODS_3_714,23.0,32.85578242961571,snap_only,"SARIMAX (1, 1, 1)(1, 1, 1, 7) - FOODS_3_714",-9.855782429615708,9.855782429615708,42.851227954850906
2016-04-04,FOODS_3_714,25.0,17.49251527399712,snap_only,"SARIMAX (1, 1, 1)(1, 1, 1, 7) - FOODS_3_714",7.507484726002879,7.507484726002879,30.029938904011516
2016-04-05,FOODS_3_714,19.0,13.5762836295451,snap_only,"SARIMAX (1, 1, 1)(1, 1, 1, 7) - FOODS_3_714",5.423716370454899,5.423716370454899,28.545875633973157
2016-04-06,FOODS_3_714,15.0,14.892622565773513,snap_only,"SARIMAX (1, 1, 1)(1, 1, 1, 7) - FOODS_3_714",0.10737743422648727,0.10737743422648727,0.7158495615099151
2016-04-07,FOODS_3_714,15.0,16.52875762832492,snap_only,"SARIMAX (1, 1, 1)(1, 1, 1, 7) - FOODS_3_714",-1.5287576283249216,1.5287576283249216,10.191717522166144
2016-04-08,FOODS_3_714,18.0,21.465336257180773,snap_only,"SARIMAX (1, 1, 1)(1, 1, 1, 7) - FOODS_3_714",-3.4653362571807733,3.4653362571807733,19.25186809544874
2016-04-09,FOODS_3_714,33.0,34.48031310876136,snap_only,"SARIMAX (1, 1, 1)(1, 1, 1, 7) - FOODS_3_714",-1.480313108761358,1.480313108761358,4.485797299276842
2016-04-10,FOODS_3_714,25.0,32.78894803212156,snap_only,"SARIMAX (1, 1, 1)(1, 1, 1, 7) - FOODS_3_714",-7.78894803212156,7.78894803212156,31.155792128486244
2016-04-11,FOODS_3_714,7.0,15.31985312667628,snap_only,"SARIMAX (1, 1, 1)(1, 1, 1, 7) - FOODS_3_714",-8.31985312667628,8.31985312667628,118.855044666804
2016-04-12,FOODS_3_714,5.0,11.402945391874365,snap_only,"SARIMAX (1, 1, 1)(1, 1, 1, 7) - FOODS_3_714",-6.402945391874365,6.402945391874365,128.0589078374873
2016-04-13,FOODS_3_714,11.0,12.71916124371213,snap_only,"SARIMAX (1, 1, 1)(1, 1, 1, 7) - FOODS_3_714",-1.7191612437121293,1.7191612437121293,15.628738579201176
2016-04-14,FOODS_3_714,9.0,14.355380706981816,snap_only,"SARIMAX (1, 1, 1)(1, 1, 1, 7) - FOODS_3_714",-5.355380706981816,5.355380706981816,59.50423007757573
2016-04-15,FOODS_3_714,20.0,19.291802859024568,snap_only,"SARIMAX (1, 1, 1)(1, 1, 1, 7) - FOODS_3_714",0.7081971409754324,0.7081971409754324,3.540985704877162
2016-04-16,FOODS_3_714,37.0,32.30673374969676,snap_only,"SARIMAX (1, 1, 1)(1, 1, 1, 7) - FOODS_3_714",4.693266250303239,4.693266250303239,12.684503379197942
2016-04-17,FOODS_3_714,37.0,30.61553663606052,snap_only,"SARIMAX (1, 1, 1)(1, 1, 1, 7) - FOODS_3_714",6.384463363939481,6.384463363939481,17.255306389025627
2016-04-18,FOODS_3_714,15.0,15.249815807794926,snap_only,"SARIMAX (1, 1, 1)(1, 1, 1, 7) - FOODS_3_714",-0.24981580779492596,0.24981580779492596,1.6654387186328397
2016-04-19,FOODS_3_714,6.0,11.332905459488424,snap_only,"SARIMAX (1, 1, 1)(1, 1, 1, 7) - FOODS_3_714",-5.332905459488424,5.332905459488424,88.8817576581404
2016-04-20,FOODS_3_714,10.0,12.649120835522089,snap_only,"SARIMAX (1, 1, 1)(1, 1, 1, 7) - FOODS_3_714",-2.6491208355220888,2.6491208355220888,26.491208355220884
2016-04-21,FOODS_3_714,12.0,14.285340625024771,snap_only,"SARIMAX (1, 1, 1)(1, 1, 1, 7) - FOODS_3_714",-2.285340625024771,2.285340625024771,19.04450520853976
2016-04-22,FOODS_3_714,18.0,19.221762172222718,snap_only,"SARIMAX (1, 1, 1)(1, 1, 1, 7) - FOODS_3_714",-1.2217621722227179,1.2217621722227179,6.787567623459544
2016-04-23,FOODS_3_714,22.0,32.23669288523793,snap_only,"SARIMAX (1, 1, 1)(1, 1, 1, 7) - FOODS_3_714",-10.236692885237929,10.236692885237929,46.53042220562695
2016-04-24,FOODS_3_714,27.0,30.54549642084307,snap_only,"SARIMAX (1, 1, 1)(1, 1, 1, 7) - FOODS_3_714",-3.545496420843069,3.545496420843069,13.131468225344701
2016-03-28,FOODS_3_808,16.0,3.698201405547734,snap_only,"SARIMAX (1, 1, 1)(1, 1, 1, 7) - FOODS_3_808",12.301798594452265,12.301798594452265,76.88624121532666
2016-03-29,FOODS_3_808,1.0,2.567272492411795,snap_only,"SARIMAX (1, 1, 1)(1, 1, 1, 7) - FOODS_3_808",-1.567272492411795,1.567272492411795,156.7272492411795
2016-03-30,FOODS_3_808,3.0,0.03816025142441157,snap_only,"SARIMAX (1, 1, 1)(1, 1, 1, 7) - FOODS_3_808",2.9618397485755885,2.9618397485755885,98.72799161918628
2016-03-31,FOODS_3_808,13.0,0.39513273750311423,snap_only,"SARIMAX (1, 1, 1)(1, 1, 1, 7) - FOODS_3_808",12.604867262496885,12.604867262496885,96.9605174038222
2016-04-01,FOODS_3_808,6.0,1.9955518410943225,snap_only,"SARIMAX (1, 1, 1)(1, 1, 1, 7) - FOODS_3_808",4.004448158905678,4.004448158905678,66.74080264842797
2016-04-02,FOODS_3_808,0.0,4.9320206809347065,snap_only,"SARIMAX (1, 1, 1)(1, 1, 1, 7) - FOODS_3_808",-4.9320206809347065,4.9320206809347065,
2016-04-03,FOODS_3_808,0.0,4.543572589324165,snap_only,"SARIMAX (1, 1, 1)(1, 1, 1, 7) - FOODS_3_808",-4.543572589324165,4.543572589324165,
2016-04-04,FOODS_3_808,0.0,4.996493937153654,snap_only,"SARIMAX (1, 1, 1)(1, 1, 1, 7) - FOODS_3_808",-4.996493937153654,4.996493937153654,
2016-04-05,FOODS_3_808,0.0,3.62682181071047,snap_only,"SARIMAX (1, 1, 1)(1, 1, 1, 7) - FOODS_3_808",-3.62682181071047,3.62682181071047,
2016-04-06,FOODS_3_808,0.0,0.7570600027473686,snap_only,"SARIMAX (1, 1, 1)(1, 1, 1, 7) - FOODS_3_808",-0.7570600027473686,0.7570600027473686,
2016-04-07,FOODS_3_808,0.0,1.1487580869076737,snap_only,"SARIMAX (1, 1, 1)(1, 1, 1, 7) - FOODS_3_808",-1.1487580869076737,1.1487580869076737,
2016-04-08,FOODS_3_808,0.0,1.9997337645263764,snap_only,"SARIMAX (1, 1, 1)(1, 1, 1, 7) - FOODS_3_808",-1.9997337645263764,1.9997337645263764,
2016-04-09,FOODS_3_808,0.0,3.8226451386851394,snap_only,"SARIMAX (1, 1, 1)(1, 1, 1, 7) - FOODS_3_808",-3.8226451386851394,3.8226451386851394,
2016-04-10,FOODS_3_808,0.0,4.491185991360477,snap_only,"SARIMAX (1, 1, 1)(1, 1, 1, 7) - FOODS_3_808",-4.491185991360477,4.491185991360477,
2016-04-11,FOODS_3_808,0.0,4.073871153564319,snap_only,"SARIMAX (1, 1, 1)(1, 1, 1, 7) - FOODS_3_808",-4.073871153564319,4.073871153564319,
2016-04-12,FOODS_3_808,0.0,2.6748657649441254,snap_only,"SARIMAX (1, 1, 1)(1, 1, 1, 7) - FOODS_3_808",-2.6748657649441254,2.6748657649441254,
2016-04-13,FOODS_3_808,0.0,0.0,snap_only,"SARIMAX (1, 1, 1)(1, 1, 1, 7) - FOODS_3_808",0.0,0.0,
2016-04-14,FOODS_3_808,0.0,0.15923484114758193,snap_only,"SARIMAX (1, 1, 1)(1, 1, 1, 7) - FOODS_3_808",-0.15923484114758193,0.15923484114758193,
2016-04-15,FOODS_3_808,0.0,1.0213333646889928,snap_only,"SARIMAX (1, 1, 1)(1, 1, 1, 7) - FOODS_3_808",-1.0213333646889928,1.0213333646889928,
2016-04-16,FOODS_3_808,0.0,2.707533242985712,snap_only,"SARIMAX (1, 1, 1)(1, 1, 1, 7) - FOODS_3_808",-2.707533242985712,2.707533242985712,
2016-04-17,FOODS_3_808,0.0,3.50584043527346,snap_only,"SARIMAX (1, 1, 1)(1, 1, 1, 7) - FOODS_3_808",-3.50584043527346,3.50584043527346,
2016-04-18,FOODS_3_808,0.0,3.9248670196841053,snap_only,"SARIMAX (1, 1, 1)(1, 1, 1, 7) - FOODS_3_808",-3.9248670196841053,3.9248670196841053,
2016-04-19,FOODS_3_808,0.0,2.522260385042471,snap_only,"SARIMAX (1, 1, 1)(1, 1, 1, 7) - FOODS_3_808",-2.522260385042471,2.522260385042471,
2016-04-20,FOODS_3_808,0.0,0.0,snap_only,"SARIMAX (1, 1, 1)(1, 1, 1, 7) - FOODS_3_808",0.0,0.0,
2016-04-21,FOODS_3_808,0.0,0.002017338894191867,snap_only,"SARIMAX (1, 1, 1)(1, 1, 1, 7) - FOODS_3_808",-0.002017338894191867,0.002017338894191867,
2016-04-22,FOODS_3_808,0.0,0.8654814126553793,snap_only,"SARIMAX (1, 1, 1)(1, 1, 1, 7) - FOODS_3_808",-0.8654814126553793,0.8654814126553793,
2016-04-23,FOODS_3_808,0.0,2.5348972381534014,snap_only,"SARIMAX (1, 1, 1)(1, 1, 1, 7) - FOODS_3_808",-2.5348972381534014,2.5348972381534014,
2016-04-24,FOODS_3_808,0.0,3.3491358272445977,snap_only,"SARIMAX (1, 1, 1)(1, 1, 1, 7) - FOODS_3_808",-3.3491358272445977,3.3491358272445977,
